preco,area_m2,quartos,banheiros,vagas,distrito
732600,74,1,2,2,Vila Madalena
1990000,164,4,5,3,Vila Madalena
720000,70,2,2,1,Vila Madalena
1680000,155,3,5,2,Vila Madalena
1200000,56,2,2,2,Vila Madalena
1950000,122,3,2,2,Vila Madalena
2105860,149,4,1,2,Vila Madalena
1475610,118,3,3,2,Vila Madalena
1350000,112,3,3,2,Vila Madalena
1880000,149,4,5,2,Vila Madalena
720000,73,2,2,1,Vila Madalena
1100000,94,3,3,1,Vila Madalena
650000,67,2,2,1,Vila Madalena
1500000,156,4,5,3,Vila Madalena
928000,97,3,2,1,Vila Madalena
697400,67,3,2,1,Vila Madalena
750000,75,2,2,1,Vila Madalena
2680001,168,2,3,3,Vila Madalena
820000,93,2,2,1,Vila Madalena
820000,90,2,2,1,Vila Madalena
1100000,93,2,1,1,Vila Madalena
980000,67,2,2,1,Vila Madalena
4125000,275,4,5,4,Vila Madalena
1150000,105,2,3,2,Vila Madalena
836893,68,2,2,1,Vila Madalena
1500000,126,3,3,2,Vila Madalena
1250700,128,3,4,2,Vila Madalena
530000,70,2,2,1,Vila Madalena
1400000,95,3,3,2,Vila Madalena
522900,83,3,2,2,Mooca
420000,71,3,2,2,Mooca
369000,63,2,2,1,Mooca
686700,109,4,4,2,Mooca
360000,50,2,2,1,Mooca
1195614,110,3,2,2,Mooca
2450000,221,3,4,4,Mooca
919990,126,3,4,2,Mooca
1550000,172,3,5,3,Mooca
580000,87,3,3,2,Mooca
1650000,185,4,4,2,Mooca
629950,83,3,3,2,Mooca
441000,69,2,2,2,Mooca
550000,77,3,2,2,Mooca
203000,34,2,2,1,Mooca
680000,85,3,2,2,Mooca
345300,58,3,2,1,Mooca
995000,120,3,3,2,Mooca
369000,60,3,2,1,Mooca
927000,140,3,2,3,Mooca
880000,118,3,4,2,Mooca
526000,70,2,2,1,Mooca
660000,85,3,2,2,Mooca
385000,64,2,2,1,Mooca
522900,83,3,2,2,Mooca
340000,65,3,2,1,Mooca
600000,82,2,2,1,Mooca
441000,70,2,2,2,Mooca
390000,31,1,2,1,Brooklin
830000,82,3,3,1,Brooklin
420000,54,2,2,1,Brooklin
1737000,158,4,6,4,Brooklin
780000,110,3,2,1,Brooklin
790000,105,2,2,1,Brooklin
550000,100,1,2,1,Brooklin
950000,113,3,2,1,Brooklin
785000,67,2,2,1,Brooklin
570140,54,2,2,1,Brooklin
1470000,130,3,5,2,Brooklin
2050000,169,3,4,2,Brooklin
1690000,167,3,5,3,Brooklin
760000,74,2,2,1,Brooklin
555000,67,2,2,1,Brooklin
688000,63,2,2,2,Brooklin
690000,63,2,2,2,Brooklin
1250000,125,3,4,2,Brooklin
950000,70,2,2,1,Brooklin
640000,72,2,2,1,Brooklin
1000000,121,3,4,3,Brooklin
847000,83,3,3,2,Brooklin
750000,94,3,4,2,Brooklin
954000,100,3,4,2,Brooklin
1180000,125,3,4,2,Brooklin
2790000,225,4,4,4,Brooklin
555000,41,1,2,1,Brooklin
440000,34,1,2,1,Brooklin
1340000,105,2,3,2,Brooklin
1100000,92,3,3,2,Vila Olimpia
1400000,83,2,3,2,Vila Olimpia
1650000,136,2,5,2,Vila Olimpia
1195000,76,2,2,2,Vila Olimpia
1200000,96,3,3,2,Vila Olimpia
1950000,111,3,4,2,Vila Olimpia
3700000,210,4,7,3,Vila Olimpia
1100000,94,3,2,1,Vila Olimpia
1155805,82,2,3,2,Vila Olimpia
780000,85,3,2,1,Vila Olimpia
1485000,127,3,3,2,Vila Olimpia
2400000,138,3,5,2,Vila Olimpia
1950000,136,3,5,3,Vila Olimpia
807000,105,3,3,1,Vila Olimpia
2650000,206,4,1,3,Vila Olimpia
1162756,95,3,3,2,Vila Olimpia
1600000,112,3,3,2,Vila Olimpia
775000,98,3,2,1,Vila Olimpia
8000000,278,4,5,5,Vila Olimpia
350000,33,1,2,1,Vila Olimpia
8039200,278,4,7,4,Vila Olimpia
590000,51,1,2,1,Vila Olimpia
1360000,115,3,4,2,Vila Olimpia
1780000,164,4,4,3,Vila Olimpia
1106996,48,1,2,2,Vila Olimpia
1053000,60,2,2,1,Vila Olimpia
1250000,81,2,3,2,Vila Olimpia
610000,53,1,2,1,Vila Olimpia
1297500,173,4,4,3,Mooca
2180000,221,4,4,4,Mooca
940000,112,3,2,2,Mooca
900000,120,3,3,3,Mooca
880000,102,3,2,2,Mooca
970000,126,3,4,2,Mooca
699000,89,3,2,2,Mooca
635000,98,3,2,2,Mooca
915000,30,3,1,2,Mooca
550000,80,3,2,2,Mooca
365000,51,1,1,1,Mooca
423500,90,3,2,2,Mooca
750000,107,3,2,2,Mooca
620000,83,3,2,1,Mooca
800000,120,4,2,2,Mooca
540000,50,2,2,1,Mooca
920000,112,3,2,2,Mooca
713990,86,2,2,1,Mooca
745000,92,3,2,2,Mooca
435000,52,2,1,1,Mooca
990000,118,3,4,2,Mooca
460000,63,2,2,1,Mooca
705000,132,3,2,1,Mooca
399000,60,2,2,1,Mooca
850000,110,3,4,2,Mooca
530000,107,2,2,1,Mooca
425000,64,2,2,2,Mooca
900000,112,3,2,2,Mooca
526000,70,2,2,1,Mooca
495000,60,2,2,2,Mooca
350000,79,2,1,1,Mooca
1000000,122,3,3,2,Mooca
636000,74,2,2,2,Mooca
420000,63,2,1,1,Mooca
459400,68,3,2,1,Mooca
670000,110,3,2,2,Mooca
827900,109,3,4,2,Mooca
270000,35,1,2,1,Mooca
999000,190,2,3,3,Mooca
560000,110,2,1,1,Mooca
550000,80,3,2,2,Mooca
531000,70,2,2,1,Mooca
550000,63,2,2,2,Mooca
689900,86,3,2,1,Mooca
620000,76,3,2,2,Mooca
410000,63,3,2,1,Mooca
229310,60,2,1,1,Mooca
580000,125,3,2,1,Mooca
270000,77,2,1,1,Mooca
490245,65,2,2,1,Mooca
530000,68,2,2,2,Mooca
320000,55,2,1,1,Mooca
480000,72,3,1,1,Mooca
1408000,108,2,3,2,Brooklin
579000,63,2,2,1,Brooklin
670000,63,2,2,2,Brooklin
540000,75,2,1,1,Brooklin
1400000,125,3,4,3,Brooklin
980000,83,1,2,1,Brooklin
870000,97,3,2,1,Brooklin
1800000,158,2,3,2,Brooklin
1400000,152,3,3,3,Brooklin
640000,59,2,2,1,Brooklin
1300000,136,3,3,3,Brooklin
926012,79,2,2,2,Brooklin
1260545,105,3,4,2,Brooklin
1198000,119,2,2,2,Brooklin
585000,50,1,2,1,Brooklin
1259000,80,2,2,1,Brooklin
1770000,180,4,3,4,Brooklin
980862,100,3,2,2,Brooklin
2109500,315,4,6,4,Brooklin
1300000,139,4,2,1,Brooklin
800000,76,2,2,2,Brooklin
1950000,138,2,3,2,Brooklin
1462500,128,3,4,3,Brooklin
1380000,184,3,2,2,Brooklin
1200000,121,3,2,3,Brooklin
592617,65,2,2,1,Brooklin
1950000,210,3,2,2,Brooklin
1300000,169,3,4,2,Brooklin
850000,116,3,2,2,Brooklin
620000,62,2,2,1,Brooklin
1070000,93,2,2,2,Brooklin
2239000,167,3,4,3,Brooklin
1890000,178,4,4,3,Brooklin
1500000,98,2,2,2,Brooklin
1500000,140,3,3,2,Brooklin
2700000,180,2,3,2,Brooklin
3150000,210,4,4,3,Brooklin
1500000,184,3,2,2,Brooklin
636000,65,2,1,1,Brooklin
1800000,180,4,4,3,Brooklin
3460000,240,3,4,4,Brooklin
2150000,178,3,4,3,Brooklin
580000,70,2,2,1,Brooklin
2350000,178,2,3,3,Brooklin
640000,67,3,2,1,Brooklin
2400000,178,3,4,3,Brooklin
3200000,226,4,5,4,Brooklin
1550000,158,4,4,3,Brooklin
885000,72,2,2,2,Brooklin
1350000,170,4,4,2,Brooklin
1800000,196,4,3,3,Brooklin
2660000,150,3,4,3,Brooklin
800000,95,3,3,2,Brooklin
1700000,121,2,2,2,Brooklin
1400000,96,2,3,2,Brooklin
3600000,238,4,4,4,Brooklin
980000,115,3,2,1,Brooklin
1290000,187,3,2,2,Brooklin
2100000,148,3,4,2,Brooklin
1900000,134,3,4,3,Brooklin
960000,75,2,2,1,Brooklin
2400000,198,4,4,1,Brooklin
1050000,119,3,2,2,Brooklin
1950000,172,3,4,3,Brooklin
3600000,236,4,4,4,Brooklin
530000,49,1,2,1,Brooklin
1200000,77,1,2,2,Brooklin
1500000,140,3,2,3,Brooklin
1600000,162,3,4,3,Brooklin
1700000,216,4,3,3,Brooklin
1900000,227,3,4,3,Brooklin
1906000,138,2,3,2,Brooklin
1900000,131,2,3,2,Brooklin
1600000,99,2,2,2,Brooklin
759000,103,4,4,2,Barra Funda
449999,55,2,2,1,Barra Funda
194900,31,1,2,1,Barra Funda
390000,85,2,2,1,Barra Funda
580000,58,2,2,1,Barra Funda
723000,100,3,3,2,Barra Funda
720000,100,3,3,2,Barra Funda
310000,34,1,2,1,Barra Funda
500000,69,2,2,1,Barra Funda
300000,34,2,2,1,Barra Funda
570000,70,2,2,1,Barra Funda
530000,69,2,2,1,Barra Funda
430000,58,2,2,1,Barra Funda
391000,67,2,2,1,Barra Funda
435000,67,2,2,1,Barra Funda
530000,93,3,2,2,Barra Funda
470000,64,3,2,2,Barra Funda
580000,68,2,2,1,Barra Funda
490000,62,2,2,1,Barra Funda
695000,76,3,2,2,Barra Funda
730000,100,3,3,2,Barra Funda
774000,100,3,3,2,Barra Funda
1290000,132,3,3,2,Barra Funda
751665,93,3,3,2,Barra Funda
550000,70,3,2,1,Barra Funda
642000,79,3,2,1,Barra Funda
580000,68,2,2,1,Barra Funda
940000,102,3,3,2,Barra Funda
525000,51,1,2,1,Barra Funda
418886,61,2,2,1,Barra Funda
323000,34,1,2,1,Bela Vista
323000,34,1,2,1,Bela Vista
340000,50,1,2,1,Bela Vista
328000,40,1,2,1,Bela Vista
475000,40,1,2,1,Bela Vista
1900000,191,3,3,1,Bela Vista
338000,37,1,2,1,Bela Vista
325000,50,1,2,1,Bela Vista
365000,36,1,2,2,Bela Vista
349000,36,1,2,1,Bela Vista
344000,38,1,2,1,Bela Vista
790000,93,3,3,1,Bela Vista
550000,60,2,2,1,Bela Vista
2500000,390,3,3,2,Bela Vista
513250,41,1,2,1,Bela Vista
320000,37,1,2,1,Bela Vista
575000,64,2,2,1,Bela Vista
385000,55,1,2,1,Bela Vista
440000,38,1,2,1,Bela Vista
270000,47,1,2,1,Bela Vista
349000,36,1,2,1,Bela Vista
900000,116,2,2,1,Bela Vista
990000,110,3,2,1,Bela Vista
850000,120,2,2,1,Bela Vista
316000,37,1,2,1,Bela Vista
460000,72,2,2,1,Bela Vista
479000,58,2,2,1,Bom Retiro
400000,57,2,2,1,Bom Retiro
427000,57,2,2,1,Bom Retiro
750000,96,3,3,2,Bom Retiro
345000,52,2,2,1,Bom Retiro
380000,58,2,2,1,Bom Retiro
560000,70,3,2,1,Bom Retiro
241000,33,1,2,1,Bom Retiro
530000,132,3,2,1,Bom Retiro
300000,74,2,2,1,Bom Retiro
267000,30,1,2,1,Bom Retiro
424000,57,2,2,1,Bom Retiro
570000,68,3,2,1,Bom Retiro
430000,58,2,2,1,Bom Retiro
790000,97,3,3,2,Bom Retiro
630000,176,3,2,1,Bom Retiro
218000,30,1,2,1,Bom Retiro
490000,150,4,3,1,Bom Retiro
466000,57,2,2,1,Bom Retiro
208191,36,1,2,1,Bom Retiro
400000,100,2,2,1,Bom Retiro
900000,96,2,3,2,Bom Retiro
330000,91,3,2,1,Bom Retiro
275000,80,2,2,1,Bom Retiro
450000,97,2,2,1,Bom Retiro
250000,30,1,2,1,Bom Retiro
450000,98,3,2,1,Bom Retiro
350000,88,2,2,1,Bom Retiro
360000,69,2,2,1,Bom Retiro
322000,55,2,2,1,Brás
179000,44,2,2,1,Brás
322000,55,2,2,1,Brás
385000,65,3,2,1,Brás
373000,57,2,2,1,Brás
399000,57,3,2,1,Brás
332000,60,2,2,2,Brás
350000,55,2,2,1,Brás
319500,49,2,2,1,Brás
250000,39,1,2,1,Brás
332000,51,2,2,1,Brás
293500,45,1,2,1,Brás
392362,57,2,2,1,Brás
322000,55,2,2,1,Brás
378360,62,2,2,1,Brás
327000,55,2,2,1,Brás
180000,45,2,2,1,Brás
354000,57,2,2,1,Brás
390000,70,2,2,1,Brás
375000,67,2,2,1,Brás
295000,45,1,2,1,Brás
194000,44,2,2,1,Brás
370000,57,2,2,1,Brás
182000,44,2,2,1,Brás
270000,50,2,2,1,Brás
679000,54,2,2,1,Consolação
930000,90,3,2,1,Consolação
380000,48,2,2,2,Consolação
405000,35,1,2,1,Consolação
680000,48,1,2,1,Consolação
723998,67,2,2,1,Consolação
1900000,200,3,4,2,Consolação
315000,42,1,2,1,Consolação
260865,32,1,2,1,Consolação
2200000,235,3,3,1,Consolação
850000,85,2,2,1,Consolação
620000,55,2,2,1,Consolação
900000,60,2,2,2,Consolação
1450000,130,3,4,2,Consolação
710000,55,2,2,1,Consolação
2600000,213,4,2,3,Consolação
950000,138,2,2,2,Consolação
460000,37,1,2,1,Consolação
750000,108,2,2,1,Consolação
1250000,118,3,3,1,Consolação
430000,38,1,2,1,Consolação
400000,35,1,2,1,Consolação
486000,41,1,2,1,Consolação
390000,54,1,2,1,Consolação
265000,45,2,2,1,Liberdade
185000,38,2,2,1,Liberdade
450000,80,3,2,2,Liberdade
350000,46,2,2,1,Liberdade
315000,53,2,2,1,Liberdade
299000,45,2,2,1,Liberdade
265000,48,2,2,1,Liberdade
189001,37,2,2,1,Liberdade
189003,37,2,2,1,Liberdade
125000,32,1,2,1,Liberdade
165000,50,1,2,1,Liberdade
899000,75,2,2,1,Liberdade
199000,37,2,2,1,Liberdade
210000,34,1,2,1,Liberdade
500000,60,2,2,1,Liberdade
189002,37,2,2,1,Liberdade
200000,34,1,2,1,Liberdade
225000,37,1,2,1,Liberdade
635792,66,2,2,1,Liberdade
189000,37,2,2,1,Liberdade
213000,37,2,2,1,Liberdade
261000,45,2,2,1,Liberdade
450000,56,2,2,1,Pari
400000,55,2,2,1,Pari
380000,62,3,2,1,Pari
410000,61,3,2,1,Pari
680000,87,3,2,2,Pari
410000,56,2,2,1,Pari
530000,75,2,2,1,Pari
319000,65,3,2,1,Pari
356000,52,2,2,1,Pari
360000,53,2,2,1,Pari
342700,62,3,2,1,Pari
470000,66,2,2,1,Pari
620000,78,3,2,1,Pari
380000,55,2,2,1,Pari
380000,61,2,2,1,Pari
670000,83,2,2,2,Pari
370000,57,2,2,1,Pari
400000,53,2,2,1,Pari
600000,85,3,3,2,Pari
450000,61,3,2,1,Pari
898000,135,4,4,2,Pari
430000,61,2,2,1,Pari
630000,85,2,3,2,Pari
907000,123,4,4,2,Pari
873000,123,3,4,2,Pari
898000,135,3,4,2,Pari
350000,53,2,2,1,Pari
430000,62,3,2,1,Pari
690000,83,2,2,2,Pari
700000,103,4,3,2,Pari
700000,103,3,3,2,Pari
475000,93,3,2,1,República
840000,310,3,3,1,República
265000,44,1,2,1,República
297990,31,1,2,1,República
189998,35,1,2,1,República
1650000,266,4,4,2,República
571258,39,1,2,1,República
2550000,348,3,2,1,República
390000,40,1,2,1,República
650000,113,4,3,1,República
590000,120,2,2,1,República
320000,56,1,2,1,República
310000,47,1,2,1,República
385000,40,1,2,1,República
3550000,400,2,4,1,República
605000,65,2,2,1,República
472869,39,1,2,1,República
259700,38,1,2,1,República
250000,70,2,2,1,República
295000,45,1,2,1,República
426427,39,1,2,1,República
300000,56,1,2,1,Santa Cecília
447000,59,2,2,1,Santa Cecília
2790000,200,3,6,3,Santa Cecília
1100000,140,3,2,1,Santa Cecília
1260000,103,3,2,2,Santa Cecília
700000,80,2,2,1,Santa Cecília
350000,56,1,2,1,Santa Cecília
251000,51,1,2,1,Santa Cecília
595000,68,2,2,1,Santa Cecília
880000,128,3,3,1,Santa Cecília
760000,70,2,2,1,Santa Cecília
760000,62,2,2,1,Santa Cecília
400000,60,2,2,1,Santa Cecília
510000,85,2,2,1,Santa Cecília
700000,97,2,2,1,Santa Cecília
1476000,220,3,3,1,Santa Cecília
454000,59,2,2,1,Santa Cecília
595000,59,2,2,1,Santa Cecília
650000,81,2,2,1,Santa Cecília
590000,65,2,2,1,Santa Cecília
360000,37,1,2,1,Santa Cecília
890000,127,3,2,1,Santa Cecília
375000,42,1,2,1,Santa Cecília
3800000,320,3,4,4,Santa Cecília
275000,72,1,2,1,Santa Cecília
900000,150,3,3,1,Santa Cecília
595000,62,2,2,1,Santa Cecília
2800000,210,4,3,3,Santa Cecília
480000,84,2,2,1,Santa Cecília
500000,105,2,2,1,Santa Cecília
2800000,256,3,5,2,Santa Cecília
2190000,156,3,5,2,Sé
1220000,100,3,3,1,Sé
1549000,94,2,3,2,Sé
1190000,101,2,4,1,Sé
1680000,135,3,4,1,Sé
499000,66,2,2,2,Sé
812034,125,3,3,2,Sé
175000,39,2,2,1,Sé
239999,56,2,2,1,Sé
144000,48,2,2,1,Sé
225000,42,2,2,1,Sé
245000,54,2,2,1,Sé
1500000,120,3,3,2,Sé
280000,47,2,2,1,Sé
240000,50,2,2,1,Sé
315479,64,3,2,2,Sé
850000,94,3,2,2,Sé
895000,96,3,2,2,Sé
488000,69,3,2,2,Sé
300000,51,2,2,1,Sé
226500,41,2,2,1,Sé
842500,109,3,4,1,Sé
541600,69,2,2,1,Sé
294000,50,2,2,1,Sé
520000,76,3,2,2,Casa Verde
590000,100,3,3,2,Casa Verde
530000,97,3,3,1,Casa Verde
649000,65,2,2,2,Casa Verde
330000,47,2,2,1,Casa Verde
835000,126,3,4,3,Casa Verde
570000,74,2,2,1,Casa Verde
300000,55,2,2,1,Casa Verde
631860,59,2,1,1,Casa Verde
375000,50,1,2,2,Casa Verde
530000,96,3,2,1,Casa Verde
389000,53,2,2,2,Casa Verde
409000,55,2,2,1,Casa Verde
850000,100,2,3,2,Casa Verde
531000,78,3,2,2,Casa Verde
1593530,157,4,1,1,Casa Verde
520000,95,3,2,1,Casa Verde
760000,88,3,2,2,Casa Verde
490000,64,2,2,1,Casa Verde
430000,55,2,2,1,Casa Verde
776000,88,3,3,2,Casa Verde
350000,66,2,2,2,Casa Verde
510000,65,2,2,1,Casa Verde
800000,90,3,3,1,Casa Verde
329000,47,1,2,1,Casa Verde
675000,90,3,3,2,Casa Verde
660000,78,2,3,2,Casa Verde
1813610,202,4,1,1,Casa Verde
450000,60,2,2,2,Casa Verde
1450000,134,3,5,2,Casa Verde
875000,100,3,4,2,Casa Verde
550000,84,3,2,2,Casa Verde
379000,48,2,2,1,Casa Verde
460000,78,3,2,2,Casa Verde
250000,60,2,2,1,Jaçanã
290000,58,2,2,1,Jaçanã
290000,90,3,2,1,Jaçanã
254926,45,2,2,1,Jaçanã
270000,70,2,2,1,Jaçanã
290000,78,2,2,2,Jaçanã
290600,51,2,2,1,Jaçanã
240000,81,2,2,1,Jaçanã
365000,67,3,2,1,Jaçanã
350000,78,3,2,2,Jaçanã
650000,248,3,2,2,Jaçanã
270000,67,2,2,1,Jaçanã
365000,67,3,2,1,Jaçanã
160000,35,1,2,1,Jaçanã
220000,45,2,2,1,Jaçanã
260000,62,2,2,1,Jaçanã
359000,67,3,2,1,Jaçanã
340466,60,3,2,1,Jaçanã
370000,90,3,2,2,Jaçanã
370000,67,3,2,1,Jaçanã
293000,49,2,2,1,Jaçanã
350000,74,3,2,1,Jaçanã
290000,91,3,2,2,Jaçanã
280000,45,2,2,1,Jaçanã
250000,45,2,2,1,Jaçanã
280000,78,2,2,1,Jaçanã
280000,62,2,2,2,Jaçanã
320000,64,2,2,1,Jaçanã
232000,48,2,2,1,Jaçanã
665000,83,3,3,2,Mandaqui
447000,65,2,2,1,Mandaqui
310000,50,2,2,2,Mandaqui
600000,70,3,2,2,Mandaqui
321000,50,2,2,2,Mandaqui
760000,104,3,4,2,Mandaqui
595000,80,3,2,2,Mandaqui
390000,65,2,2,1,Mandaqui
321000,51,2,2,2,Mandaqui
435000,77,3,2,2,Mandaqui
565000,93,3,2,2,Mandaqui
325000,55,2,2,2,Mandaqui
480000,73,3,2,2,Mandaqui
313000,51,2,2,2,Mandaqui
297000,50,2,2,2,Mandaqui
315000,54,2,2,2,Mandaqui
360000,70,3,2,1,Mandaqui
295000,50,2,2,1,Mandaqui
550000,76,3,2,2,Mandaqui
779000,143,3,3,3,Mandaqui
350000,50,2,2,1,Mandaqui
550000,90,3,2,3,Mandaqui
429000,88,3,2,2,Mandaqui
420000,50,2,2,1,Mandaqui
880000,123,3,5,3,Mandaqui
290000,48,2,2,1,Mandaqui
495000,98,3,2,2,Mandaqui
500000,86,3,2,2,Mandaqui
376000,63,2,2,1,Santana
475000,73,2,2,1,Santana
680000,118,3,2,1,Santana
1220000,140,3,5,2,Santana
475000,68,3,3,1,Santana
450000,42,1,2,2,Santana
292000,50,2,2,1,Santana
400000,52,2,2,1,Santana
1500000,145,3,5,3,Santana
819900,108,3,3,2,Santana
986000,92,3,3,2,Santana
540000,62,2,2,1,Santana
1500000,143,3,4,4,Santana
250000,58,2,2,1,Santana
453128,64,2,2,1,Santana
1380000,170,3,5,3,Santana
660000,110,3,3,2,Santana
2730000,250,4,5,4,Santana
832000,108,4,4,2,Santana
430000,54,2,2,1,Santana
615000,95,3,3,2,Santana
599999,84,3,2,2,Santana
1775000,189,3,5,3,Santana
1890000,189,3,5,3,Santana
480000,63,2,2,2,Santana
245000,51,2,2,1,Tremembé
1158128,151,1,2,2,Tremembé
233000,51,2,2,1,Tremembé
225000,51,2,2,1,Tremembé
340000,51,2,2,1,Tremembé
600000,85,3,2,1,Tremembé
230000,51,2,2,1,Tremembé
1190000,172,3,2,3,Tremembé
585000,70,2,2,1,Tremembé
420000,59,2,2,1,Tremembé
300000,80,3,2,1,Tremembé
280000,51,2,2,1,Tremembé
349000,74,2,2,2,Tremembé
380000,59,2,2,1,Tremembé
500000,59,2,2,1,Tremembé
240000,50,2,2,1,Tremembé
690000,78,2,2,2,Tremembé
800000,110,3,2,2,Tremembé
1200000,146,4,4,4,Tremembé
410000,63,2,2,1,Tremembé
265000,50,2,2,1,Tremembé
750000,99,3,2,2,Tremembé
1225000,153,2,3,2,Tremembé
618000,83,3,2,1,Tremembé
850000,151,3,2,2,Tremembé
950000,170,3,2,2,Tremembé
600000,80,2,2,2,Tremembé
179000,50,2,2,1,Tremembé
1200000,167,3,2,2,Tremembé
550000,70,3,2,2,Tucuruvi
378000,61,2,2,1,Tucuruvi
350000,91,3,2,1,Tucuruvi
390000,66,3,2,2,Tucuruvi
490000,92,3,3,2,Tucuruvi
350000,50,2,2,2,Tucuruvi
825000,148,3,5,3,Tucuruvi
550000,89,1,2,1,Tucuruvi
420000,67,3,2,1,Tucuruvi
430000,67,2,2,1,Tucuruvi
585000,70,2,2,1,Tucuruvi
458000,67,2,2,1,Tucuruvi
565000,89,3,2,2,Tucuruvi
900000,133,3,3,2,Tucuruvi
500000,70,3,2,1,Tucuruvi
445000,70,2,2,2,Tucuruvi
580000,104,2,3,1,Tucuruvi
258600,60,3,2,1,Tucuruvi
650000,82,3,2,1,Tucuruvi
690000,94,3,2,2,Tucuruvi
250000,50,1,2,1,Tucuruvi
640000,82,2,2,1,Tucuruvi
640000,108,2,2,2,Tucuruvi
350000,43,1,2,1,Tucuruvi
470000,75,2,2,1,Tucuruvi
335000,50,2,2,2,Tucuruvi
680000,95,3,3,2,Tucuruvi
249000,43,2,2,1,Tucuruvi
550000,100,2,3,1,Tucuruvi
939000,122,3,4,3,Tucuruvi
374000,62,2,2,1,Vila Guilherme
368550,62,2,2,1,Vila Guilherme
375000,67,3,2,1,Vila Guilherme
299000,53,2,2,1,Vila Guilherme
480000,70,3,2,2,Vila Guilherme
417576,64,2,2,1,Vila Guilherme
203000,60,2,2,1,Vila Guilherme
1360000,126,3,5,3,Vila Guilherme
340000,63,2,2,1,Vila Guilherme
990000,140,3,4,2,Vila Guilherme
529000,73,3,2,2,Vila Guilherme
290000,49,2,2,1,Vila Guilherme
530000,65,3,2,2,Vila Guilherme
279000,50,2,2,1,Vila Guilherme
399000,62,3,2,1,Vila Guilherme
729000,97,3,2,2,Vila Guilherme
449000,67,3,2,1,Vila Guilherme
470000,66,3,2,1,Vila Guilherme
510000,64,2,2,2,Vila Guilherme
470000,78,2,2,1,Vila Guilherme
625000,78,3,2,2,Vila Guilherme
360000,65,3,2,1,Vila Guilherme
275000,43,1,2,1,Vila Guilherme
448000,68,3,2,2,Vila Guilherme
500000,79,3,2,2,Vila Guilherme
355500,58,2,2,1,Vila Guilherme
285000,50,2,2,1,Vila Guilherme
315000,50,2,2,1,Vila Guilherme
898000,135,4,4,2,Vila Guilherme
280000,48,2,2,1,Vila Guilherme
1060000,125,3,4,2,Vila Guilherme
280000,50,2,2,1,Vila Guilherme
319200,60,3,2,1,Vila Guilherme
425000,64,3,2,2,Vila Guilherme
450000,63,3,2,1,Vila Guilherme
362700,59,3,3,2,Vila Maria
447000,63,2,2,1,Vila Maria
209000,50,2,2,1,Vila Maria
590000,78,3,2,1,Vila Maria
362677,59,3,2,1,Vila Maria
251800,63,3,2,1,Vila Maria
362677,45,2,2,1,Vila Maria
415000,63,3,2,1,Vila Maria
383000,63,3,2,1,Vila Maria
250000,50,2,2,1,Vila Maria
250000,39,1,2,1,Vila Maria
365000,59,3,2,1,Vila Maria
333300,62,3,2,1,Vila Maria
251000,40,1,2,1,Vila Maria
377800,63,3,2,1,Vila Maria
648000,80,3,3,2,Vila Maria
251722,39,2,2,1,Vila Maria
317000,50,2,2,1,Vila Maria
430225,63,3,2,1,Vila Maria
390000,59,3,2,1,Vila Maria
386000,60,3,2,1,Vila Maria
645000,78,2,3,2,Vila Maria
437000,63,2,2,1,Vila Maria
207000,40,2,1,1,Vila Maria
690000,79,3,2,2,Vila Maria
382900,59,3,2,1,Vila Maria
298000,50,2,2,1,Vila Maria
550000,80,3,2,2,Vila Maria
375000,63,3,2,1,Vila Maria
350000,63,3,2,1,Vila Maria
299900,67,2,2,1,Medeiros
334000,80,3,2,2,Medeiros
270000,66,2,2,1,Medeiros
440000,88,3,3,2,Medeiros
410000,118,3,2,2,Medeiros
250550,59,2,2,1,Medeiros
310800,80,3,3,2,Medeiros
230000,66,2,2,1,Medeiros
230000,64,2,2,1,Medeiros
160000,49,2,2,1,Medeiros
170000,50,2,2,1,Medeiros
185000,48,2,2,1,Medeiros
288000,66,2,2,1,Medeiros
180000,48,2,2,1,Medeiros
265000,60,2,2,1,Medeiros
149800,68,2,2,1,Medeiros
330000,74,2,2,2,Medeiros
195000,48,2,2,1,Medeiros
322000,80,3,2,2,Medeiros
220000,54,2,2,1,Medeiros
250000,68,2,2,1,Medeiros
240000,60,2,2,1,Medeiros
239500,66,2,2,1,Medeiros
238000,60,2,2,1,Medeiros
250000,66,2,2,1,Medeiros
370000,60,2,2,1,Água Rasa
520000,103,3,3,2,Água Rasa
304000,47,2,2,1,Água Rasa
570000,98,3,3,2,Água Rasa
570000,75,3,2,2,Água Rasa
319000,60,2,2,1,Água Rasa
330000,57,2,2,1,Água Rasa
440000,64,2,2,2,Água Rasa
480000,94,3,3,1,Água Rasa
580000,87,3,2,2,Água Rasa
440000,63,3,2,1,Água Rasa
424000,63,3,2,1,Água Rasa
950000,197,4,4,2,Água Rasa
460000,63,3,2,1,Água Rasa
420000,82,3,2,1,Água Rasa
750000,118,3,3,2,Água Rasa
390000,63,2,2,1,Água Rasa
745000,97,3,2,2,Água Rasa
450000,63,2,2,1,Água Rasa
570000,98,3,2,1,Água Rasa
930000,160,3,4,2,Água Rasa
370000,48,2,2,1,Água Rasa
430000,63,3,2,2,Água Rasa
550000,70,2,2,1,Água Rasa
740000,93,2,2,2,Água Rasa
580000,72,2,3,2,Água Rasa
690000,87,3,2,2,Água Rasa
405000,62,2,2,1,Água Rasa
580000,108,3,3,2,Água Rasa
370000,45,1,2,2,Água Rasa
790000,113,3,2,2,Água Rasa
430000,65,2,2,1,Aricanduva
470000,70,2,2,2,Aricanduva
199000,45,2,2,1,Aricanduva
490000,74,2,2,1,Aricanduva
486000,70,2,2,1,Aricanduva
620000,90,3,2,2,Aricanduva
385000,61,3,2,2,Aricanduva
199990,47,2,2,1,Aricanduva
310000,67,3,2,2,Aricanduva
460000,65,2,2,1,Aricanduva
375000,57,2,2,1,Aricanduva
360000,54,2,2,2,Aricanduva
225000,47,2,2,1,Aricanduva
440000,66,2,2,1,Aricanduva
380000,54,2,2,1,Aricanduva
455200,65,2,2,1,Aricanduva
380000,55,2,2,1,Aricanduva
300000,67,3,2,2,Aricanduva
860000,145,3,2,2,Aricanduva
630000,86,3,2,1,Aricanduva
270000,68,2,2,1,Aricanduva
350000,64,3,2,1,Aricanduva
239000,64,3,2,1,Aricanduva
325000,50,2,1,1,Aricanduva
340000,54,2,2,1,Aricanduva
410000,77,3,2,2,Aricanduva
205000,49,2,2,1,Aricanduva
228000,44,2,2,1,Aricanduva
380000,58,2,2,2,Aricanduva
215000,52,2,2,1,Artur Alvim
169000,40,2,1,1,Artur Alvim
179999,40,2,2,1,Artur Alvim
159000,35,2,2,1,Artur Alvim
169000,37,1,2,1,Artur Alvim
195000,48,2,2,1,Artur Alvim
154500,47,2,2,1,Artur Alvim
199000,45,2,2,1,Artur Alvim
160000,43,2,2,1,Artur Alvim
169000,40,2,2,1,Artur Alvim
240000,45,2,2,1,Artur Alvim
219000,56,2,2,1,Artur Alvim
179000,40,2,2,1,Artur Alvim
180000,60,2,2,1,Artur Alvim
179000,42,2,2,1,Artur Alvim
250000,45,2,2,1,Artur Alvim
220000,52,2,2,1,Artur Alvim
165000,39,1,2,1,Artur Alvim
194900,43,2,2,1,Artur Alvim
170000,32,1,2,1,Artur Alvim
185000,56,2,2,1,Artur Alvim
179000,40,2,2,1,Artur Alvim
150000,49,2,2,1,Artur Alvim
179000,40,2,2,1,Artur Alvim
179000,40,2,2,1,Artur Alvim
185000,48,2,2,1,Artur Alvim
160000,48,2,2,1,Artur Alvim
220000,56,2,2,1,Artur Alvim
170000,48,2,2,1,Artur Alvim
699000,87,3,2,2,Belém
322000,55,2,2,1,Belém
722000,95,3,4,2,Belém
327000,55,2,2,1,Belém
700000,95,3,3,2,Belém
379000,65,3,2,1,Belém
1200000,232,3,2,3,Belém
209000,44,2,2,1,Belém
379000,65,3,2,1,Belém
520000,78,2,2,1,Belém
322000,55,2,2,1,Belém
379000,65,3,2,1,Belém
247900,44,2,2,1,Belém
235000,38,1,2,1,Belém
385000,65,3,2,1,Belém
899999,119,3,4,2,Belém
625000,91,3,2,2,Belém
480000,63,3,2,1,Belém
321900,56,2,2,1,Belém
480000,71,2,2,1,Belém
175000,32,1,2,1,Belém
220000,44,2,2,1,Belém
322000,55,2,2,1,Belém
299900,53,2,2,1,Belém
232000,44,2,2,1,Belém
300000,54,2,2,1,Belém
370000,50,2,2,1,Belém
415000,50,1,2,1,Belém
420000,54,2,2,1,Belém
372500,55,2,2,1,Belém
800000,95,3,2,2,Belém
917000,119,3,4,2,Belém
1364000,136,3,2,2,Belém
430000,54,2,2,1,Belém
1380000,198,4,2,2,Belém
703000,91,3,2,1,Belém
950000,220,3,2,2,Belém
590000,95,3,2,1,Belém
905000,247,3,4,3,Belém
1900000,221,4,5,4,Belém
240000,44,2,2,1,Belém
339000,78,1,1,1,Belém
375000,72,2,2,1,Belém
690000,85,2,2,2,Belém
450000,65,2,2,1,Belém
833000,119,3,4,3,Belém
680000,95,3,2,2,Belém
438100,65,3,2,1,Belém
490000,80,2,2,2,Belém
493000,77,2,2,1,Belém
358000,59,3,2,1,Belém
448000,59,2,2,1,Belém
295000,54,2,2,1,Belém
220000,52,2,2,1,Cangaíba
215000,40,1,2,1,Cangaíba
310000,78,3,2,1,Cangaíba
250000,47,2,2,1,Cangaíba
360000,70,3,2,1,Cangaíba
260000,52,2,2,1,Cangaíba
169000,41,2,2,1,Cangaíba
265000,56,2,2,1,Cangaíba
350000,70,3,2,1,Cangaíba
330000,72,3,2,1,Cangaíba
220000,52,2,2,1,Cangaíba
149900,33,1,2,1,Cangaíba
159000,30,1,2,1,Cangaíba
340000,56,2,2,1,Cangaíba
220000,48,2,2,1,Cangaíba
300000,66,3,2,1,Cangaíba
270000,62,2,2,1,Cangaíba
242000,50,2,2,1,Cangaíba
265000,52,2,2,1,Cangaíba
244000,47,2,2,1,Cangaíba
265000,54,2,2,1,Cangaíba
265000,90,2,2,1,Cangaíba
199900,47,2,2,1,Cangaíba
230000,47,2,2,1,Cangaíba
245000,48,2,2,1,Cangaíba
220000,47,2,2,1,Cangaíba
300000,52,2,2,1,Cangaíba
470000,66,2,2,1,Cangaíba
245000,49,2,2,1,Cangaíba
225000,47,2,2,1,Cangaíba
685900,96,3,3,2,Carrão
485000,68,2,2,2,Carrão
849100,90,3,2,3,Carrão
278000,50,2,2,1,Carrão
830000,98,3,3,2,Carrão
418000,70,3,2,2,Carrão
825000,115,3,4,2,Carrão
670000,103,3,4,2,Carrão
950000,223,3,4,4,Carrão
1400000,152,3,4,2,Carrão
485600,68,2,2,2,Carrão
385000,60,2,2,1,Carrão
678900,119,3,3,2,Carrão
698500,103,3,3,2,Carrão
700000,150,4,3,2,Carrão
370000,64,2,2,1,Carrão
228000,45,2,2,1,Carrão
585000,80,3,2,2,Carrão
828900,115,3,4,2,Carrão
653000,103,4,3,2,Carrão
685000,96,3,3,2,Carrão
480000,68,2,2,2,Carrão
260000,46,2,2,1,Carrão
750000,101,3,4,2,Carrão
653000,103,3,3,2,Carrão
687000,96,3,3,2,Carrão
385000,60,2,2,1,Carrão
679500,119,4,3,2,Carrão
415000,68,3,2,2,Carrão
162000,41,2,2,1,Cidade Líder
164000,42,2,2,1,Cidade Líder
230000,51,2,2,1,Cidade Líder
202000,47,2,2,1,Cidade Líder
233000,54,2,2,1,Cidade Líder
189000,49,2,2,1,Cidade Líder
200000,45,2,2,1,Cidade Líder
162000,43,2,2,1,Cidade Líder
150000,47,2,2,1,Cidade Líder
210000,51,2,2,1,Cidade Líder
169000,40,2,2,1,Cidade Líder
229000,52,2,2,1,Cidade Líder
250000,50,2,2,1,Cidade Líder
209000,50,2,2,1,Cidade Líder
210000,48,2,2,1,Cidade Líder
235000,46,2,2,1,Cidade Líder
198000,45,2,2,1,Cidade Líder
270000,48,2,2,1,Cidade Líder
215000,48,2,2,1,Cidade Líder
240000,55,2,2,1,Cidade Líder
229000,57,2,2,1,Cidade Líder
250000,44,2,2,1,Cidade Líder
210000,67,3,2,1,Cidade Líder
250000,58,2,2,1,Cidade Líder
186000,47,2,2,1,Cidade Líder
225000,47,2,2,1,Cidade Líder
165000,49,2,2,1,Cidade Líder
122000,56,2,2,1,Cidade Tiradentes
120000,48,2,2,1,Cidade Tiradentes
125000,50,2,2,1,Cidade Tiradentes
70000,48,2,2,1,Cidade Tiradentes
72000,50,2,2,1,Cidade Tiradentes
65000,48,2,2,1,Cidade Tiradentes
110000,52,2,2,1,Cidade Tiradentes
85000,40,2,2,1,Cidade Tiradentes
110000,40,2,2,1,Cidade Tiradentes
84000,49,2,2,1,Cidade Tiradentes
137900,57,2,2,1,Cidade Tiradentes
120000,51,2,2,1,Cidade Tiradentes
120000,45,2,2,1,Cidade Tiradentes
110000,42,2,2,1,Cidade Tiradentes
115000,48,2,2,1,Cidade Tiradentes
80000,50,2,2,1,Cidade Tiradentes
110000,42,1,2,1,Cidade Tiradentes
110000,40,1,2,1,Cidade Tiradentes
140000,47,2,2,1,Cidade Tiradentes
95000,47,2,2,1,Cidade Tiradentes
77000,60,2,2,1,Cidade Tiradentes
150000,42,2,2,1,Cidade Tiradentes
85000,50,2,2,1,Cidade Tiradentes
164000,46,2,2,1,Cidade Tiradentes
120000,48,2,2,1,Cidade Tiradentes
140000,47,2,2,1,Cidade Tiradentes
90000,45,2,2,1,Cidade Tiradentes
182900,41,2,2,1,Ermelino Matarazzo
169900,41,2,1,1,Ermelino Matarazzo
255000,57,2,2,1,Ermelino Matarazzo
238600,48,2,2,1,Ermelino Matarazzo
220000,44,2,2,1,Ermelino Matarazzo
205000,50,2,2,1,Ermelino Matarazzo
260000,72,3,2,1,Ermelino Matarazzo
350000,65,2,2,1,Ermelino Matarazzo
320000,66,3,2,1,Ermelino Matarazzo
270000,50,2,2,1,Ermelino Matarazzo
350000,76,3,2,1,Ermelino Matarazzo
290000,55,2,2,1,Ermelino Matarazzo
183017,40,2,2,1,Ermelino Matarazzo
250000,48,2,2,1,Ermelino Matarazzo
259000,63,2,2,1,Ermelino Matarazzo
280000,63,3,2,1,Ermelino Matarazzo
360000,76,3,2,1,Ermelino Matarazzo
199000,48,2,2,1,Ermelino Matarazzo
245000,55,2,2,1,Ermelino Matarazzo
270000,63,2,2,1,Ermelino Matarazzo
270000,65,2,2,1,Ermelino Matarazzo
280000,64,2,2,1,Ermelino Matarazzo
220000,47,2,2,1,Ermelino Matarazzo
195000,55,2,2,1,Ermelino Matarazzo
255000,64,2,2,1,Ermelino Matarazzo
250000,50,2,2,1,Ermelino Matarazzo
490000,130,3,2,1,Guaianazes
1250000,146,4,3,4,Guaianazes
190000,43,1,2,1,Guaianazes
150000,56,2,2,1,Guaianazes
128000,56,3,2,1,Guaianazes
130000,52,2,2,1,Guaianazes
135000,52,3,2,1,Guaianazes
165000,53,2,2,1,Guaianazes
135000,56,3,2,1,Guaianazes
400000,50,2,2,1,Guaianazes
95000,49,2,2,1,Guaianazes
169000,58,2,2,1,Guaianazes
143100,58,3,2,1,Guaianazes
144900,49,2,2,1,Guaianazes
153000,48,2,2,1,Guaianazes
140000,60,2,2,1,Guaianazes
185000,42,2,2,1,Guaianazes
450000,70,2,2,2,Guaianazes
120000,56,2,2,1,Guaianazes
130000,48,2,2,1,Guaianazes
144900,56,2,2,1,Guaianazes
190000,45,2,2,1,Guaianazes
135000,43,2,2,1,Guaianazes
99842,38,2,2,1,Guaianazes
135000,56,2,2,1,Guaianazes
158000,38,2,2,1,Guaianazes
144900,56,2,2,1,Guaianazes
7080000,275,4,5,5,Iguatemi
1100000,131,3,3,1,Iguatemi
1060000,137,3,3,1,Iguatemi
10000000,343,4,7,5,Iguatemi
1100000,130,3,3,1,Iguatemi
1200000,120,3,2,1,Iguatemi
790000,92,2,2,1,Iguatemi
7765616,279,4,6,4,Iguatemi
9979947,343,4,6,5,Iguatemi
6750000,275,4,6,4,Iguatemi
3850000,200,2,4,3,Iguatemi
7500000,275,4,5,4,Iguatemi
850000,108,3,2,1,Iguatemi
1105000,45,1,2,1,Iguatemi
900000,90,2,3,1,Iguatemi
4900000,201,4,5,3,Iguatemi
4900000,201,3,5,3,Iguatemi
600000,78,2,2,1,Iguatemi
1100000,110,3,3,1,Iguatemi
120000,50,2,2,1,Itaim Paulista
165000,50,2,2,1,Itaim Paulista
240000,47,2,2,1,Itaim Paulista
170000,41,2,2,1,Itaim Paulista
130000,50,2,2,1,Itaim Paulista
150000,50,2,2,1,Itaim Paulista
190000,48,3,2,1,Itaim Paulista
190000,52,3,2,1,Itaim Paulista
160000,44,2,2,1,Itaim Paulista
185000,59,2,2,1,Itaim Paulista
189000,47,2,2,1,Itaim Paulista
85000,49,2,2,1,Itaim Paulista
151000,52,2,2,1,Itaim Paulista
135000,48,2,2,1,Itaim Paulista
800000,90,3,3,1,Itaim Paulista
220000,43,2,2,1,Itaim Paulista
168000,46,2,2,1,Itaim Paulista
190000,46,2,2,1,Itaim Paulista
160000,48,2,2,1,Itaim Paulista
140000,45,2,2,1,Itaim Paulista
180000,46,2,2,1,Itaim Paulista
210000,56,3,2,1,Itaim Paulista
290000,68,3,2,1,Itaim Paulista
180000,47,2,2,1,Itaim Paulista
210000,57,3,2,1,Itaim Paulista
150000,52,2,2,1,Itaim Paulista
169900,41,2,2,1,Itaquera
235000,48,2,2,1,Itaquera
185000,50,2,2,1,Itaquera
175000,41,2,2,1,Itaquera
174900,41,2,2,1,Itaquera
179900,42,2,2,1,Itaquera
174900,41,2,2,1,Itaquera
174000,40,2,2,1,Itaquera
290000,70,3,2,1,Itaquera
241000,51,2,2,1,Itaquera
149900,41,2,2,1,Itaquera
169900,41,2,2,1,Itaquera
159900,38,2,2,1,Itaquera
220000,55,2,2,1,Itaquera
233000,55,2,2,1,Itaquera
169000,39,2,2,1,Itaquera
179900,41,2,2,1,Itaquera
270000,50,2,2,1,Itaquera
343240,65,3,2,1,Itaquera
360000,64,3,2,1,Itaquera
190000,55,3,2,1,Itaquera
232999,55,2,2,1,Itaquera
170000,56,2,2,1,Itaquera
199000,40,2,2,1,Jardim Helena
168910,45,2,1,1,Jardim Helena
203000,40,2,2,1,Jardim Helena
240000,43,2,2,1,Jardim Helena
265000,40,2,2,1,Jardim Helena
195000,44,2,2,1,Jardim Helena
200000,45,2,2,1,Jardim Helena
146220,38,2,1,1,Jardim Helena
169000,40,2,2,1,Jardim Helena
210000,40,2,2,1,Jardim Helena
85000,32,1,2,1,Jardim Helena
195000,40,2,2,1,Jardim Helena
98000,53,2,2,1,Jardim Helena
175000,55,2,2,1,Jardim Helena
250000,52,2,2,1,Jardim Helena
175000,37,2,2,1,Jardim Helena
159000,36,2,2,1,Jardim Helena
203000,40,2,2,1,Jardim Helena
147974,38,2,1,1,Jardim Helena
120000,45,2,2,1,Jardim Helena
199000,44,2,2,1,Jardim Helena
165000,36,2,2,1,Jardim Helena
250000,90,2,2,1,Jardim Helena
165000,36,2,2,1,Jardim Helena
240000,48,2,2,1,Jardim Helena
212000,46,2,2,1,Jardim Helena
276596,49,2,2,1,Jardim Helena
152900,37,2,2,1,José Bonifácio
274999,65,3,2,1,José Bonifácio
233999,55,2,2,1,José Bonifácio
169900,37,2,2,1,José Bonifácio
243999,57,2,2,1,José Bonifácio
180000,51,3,2,1,José Bonifácio
166797,39,2,2,1,José Bonifácio
175000,57,3,2,1,José Bonifácio
171000,50,2,2,1,José Bonifácio
235000,45,2,2,1,José Bonifácio
186000,55,3,2,1,José Bonifácio
180000,47,2,2,1,José Bonifácio
296800,45,2,2,1,José Bonifácio
265000,45,2,2,1,José Bonifácio
165000,56,2,2,1,José Bonifácio
742000,152,3,4,2,José Bonifácio
419000,70,2,2,1,José Bonifácio
185000,38,2,2,1,José Bonifácio
260000,55,2,2,1,José Bonifácio
221000,48,2,2,1,José Bonifácio
235450,47,2,2,1,José Bonifácio
221000,47,2,2,1,José Bonifácio
165000,48,2,2,1,Lajeado
144900,37,2,1,1,Lajeado
165000,50,2,2,1,Lajeado
150000,43,2,2,1,Lajeado
180000,70,3,2,1,Lajeado
130000,42,1,2,1,Lajeado
185000,52,2,2,1,Lajeado
155000,43,2,2,1,Lajeado
150000,54,2,2,1,Lajeado
168000,42,1,2,1,Lajeado
180000,52,3,2,1,Lajeado
160000,47,2,2,1,Lajeado
169900,54,2,2,1,Lajeado
160000,43,3,2,1,Lajeado
45000,40,2,2,1,Lajeado
180000,43,2,2,1,Lajeado
165000,47,2,2,1,Lajeado
200000,43,2,2,1,Lajeado
165000,45,2,2,1,Lajeado
200000,50,2,2,1,Lajeado
190000,52,2,2,1,Lajeado
205000,50,2,2,1,Lajeado
190000,50,2,2,1,Lajeado
165000,54,2,2,1,Lajeado
219000,56,2,2,1,Lajeado
198500,50,2,2,1,Lajeado
190000,52,2,2,1,Lajeado
157900,37,2,2,1,Parque do Carmo
200000,47,2,2,1,Parque do Carmo
204899,46,2,2,1,Parque do Carmo
149900,41,2,2,1,Parque do Carmo
215000,45,2,2,1,Parque do Carmo
197900,47,2,2,1,Parque do Carmo
300000,60,3,2,1,Parque do Carmo
210000,50,2,2,1,Parque do Carmo
199900,45,2,2,1,Parque do Carmo
204900,46,2,2,1,Parque do Carmo
245000,46,2,2,1,Parque do Carmo
149900,42,2,2,1,Parque do Carmo
170000,42,2,2,1,Parque do Carmo
315000,59,3,2,1,Parque do Carmo
239000,49,2,2,1,Parque do Carmo
220000,50,2,2,1,Parque do Carmo
236825,48,2,2,1,Parque do Carmo
313967,58,3,2,1,Parque do Carmo
262089,58,3,2,1,Parque do Carmo
260000,58,3,2,1,Parque do Carmo
199900,43,2,2,1,Parque do Carmo
169000,40,2,2,1,Parque do Carmo
225000,52,2,2,1,Parque do Carmo
200000,50,2,2,1,Parque do Carmo
238000,60,3,2,1,Parque do Carmo
229000,46,2,2,1,Parque do Carmo
240000,48,2,2,1,Parque do Carmo
199000,47,2,2,1,Parque do Carmo
430000,66,2,2,1,Penha
410000,58,2,2,1,Penha
239000,60,2,2,1,Penha
319900,60,2,2,1,Penha
321000,51,2,2,1,Penha
540000,126,3,4,3,Penha
300000,55,2,2,1,Penha
610000,78,3,2,2,Penha
380000,70,3,2,2,Penha
390000,60,2,2,1,Penha
269000,48,2,2,1,Penha
450000,65,2,2,1,Penha
490000,72,3,2,2,Penha
385000,70,2,2,1,Penha
335000,52,2,2,2,Penha
330000,63,2,2,1,Penha
399000,60,2,2,1,Penha
250000,64,2,2,1,Penha
370000,60,2,2,1,Penha
169500,34,2,2,1,Penha
330000,70,3,2,1,Penha
800000,280,5,2,3,Penha
169500,34,2,2,1,Penha
430000,82,3,2,1,Penha
290000,48,2,2,1,Penha
330000,51,2,2,1,Penha
290000,57,2,2,1,Penha
398000,74,3,2,2,Ponte Rasa
250000,48,2,2,1,Ponte Rasa
436000,74,3,2,2,Ponte Rasa
240000,48,2,2,1,Ponte Rasa
220000,60,2,2,1,Ponte Rasa
199000,40,2,2,1,Ponte Rasa
280000,51,2,2,1,Ponte Rasa
240000,48,2,2,1,Ponte Rasa
259000,50,2,2,1,Ponte Rasa
255000,48,2,2,1,Ponte Rasa
195000,48,1,2,1,Ponte Rasa
255000,53,2,2,1,Ponte Rasa
300000,55,2,2,1,Ponte Rasa
270000,48,2,2,1,Ponte Rasa
250000,65,2,2,1,Ponte Rasa
230000,60,2,2,1,Ponte Rasa
250000,55,2,2,1,Ponte Rasa
230000,52,2,2,1,Ponte Rasa
210000,68,2,2,1,Ponte Rasa
245000,46,2,2,1,Ponte Rasa
225000,54,2,2,1,Ponte Rasa
290000,50,2,2,1,Ponte Rasa
239000,53,2,2,1,Ponte Rasa
170000,40,2,2,1,Ponte Rasa
240000,48,2,2,1,Ponte Rasa
400000,63,2,2,1,Ponte Rasa
320000,50,2,2,1,Ponte Rasa
320000,50,2,2,1,Ponte Rasa
270000,56,2,2,1,Sapopemba
190800,45,2,2,1,Sapopemba
310000,56,2,2,1,Sapopemba
240000,55,2,2,1,Sapopemba
234000,57,2,2,1,Sapopemba
320000,58,2,2,1,Sapopemba
360000,56,2,2,1,Sapopemba
250000,58,2,2,1,Sapopemba
260000,53,2,2,1,Sapopemba
184900,45,2,2,1,Sapopemba
189700,58,2,2,1,Sapopemba
280000,56,2,2,1,Sapopemba
235000,50,2,2,1,Sapopemba
239000,63,3,2,1,Sapopemba
149900,47,2,2,1,Sapopemba
320000,60,2,2,1,Sapopemba
385000,146,3,2,1,Sapopemba
200000,49,2,2,1,Sapopemba
392000,60,3,2,1,Sapopemba
355000,56,2,2,1,Sapopemba
260000,65,3,2,1,Sapopemba
240000,44,2,2,1,Sapopemba
315000,56,2,2,1,Sapopemba
252900,46,2,2,1,São Lucas
390000,64,2,2,1,São Lucas
370000,65,2,2,1,São Lucas
430000,75,2,2,2,São Lucas
410000,76,3,2,2,São Lucas
299700,60,3,2,1,São Lucas
319000,59,3,2,1,São Lucas
413930,81,3,1,2,São Lucas
410000,75,2,2,2,São Lucas
477000,76,3,2,2,São Lucas
330000,68,3,2,1,São Lucas
399000,78,3,2,1,São Lucas
480000,90,3,2,1,São Lucas
370000,64,2,2,1,São Lucas
358000,60,3,2,1,São Lucas
450000,75,3,2,2,São Lucas
340000,64,2,2,1,São Lucas
430000,75,3,2,1,São Lucas
475000,64,2,2,1,São Lucas
450000,75,3,2,2,São Lucas
440000,75,3,2,2,São Lucas
265000,46,2,2,1,São Lucas
450000,75,3,2,2,São Lucas
340000,60,3,2,1,São Lucas
280000,51,2,2,1,São Lucas
220000,43,2,2,1,São Lucas
450000,75,3,2,1,São Lucas
385000,65,2,2,1,São Lucas
199000,47,2,2,1,São Mateus
240000,65,3,2,1,São Mateus
220000,47,2,2,1,São Mateus
180000,57,2,2,1,São Mateus
205000,52,2,2,1,São Mateus
199999,44,2,2,1,São Mateus
147900,41,2,1,1,São Mateus
190000,57,2,2,1,São Mateus
155000,53,2,2,1,São Mateus
190000,53,2,2,1,São Mateus
200009,44,2,2,1,São Mateus
195000,47,2,2,1,São Mateus
190000,53,2,2,1,São Mateus
180000,45,2,2,1,São Mateus
195000,50,2,2,1,São Mateus
189000,40,2,2,1,São Mateus
252000,61,3,2,2,São Mateus
220000,51,2,2,1,São Mateus
169000,49,2,2,1,São Mateus
219000,50,2,2,1,São Mateus
212000,44,2,2,1,São Mateus
185000,44,2,2,1,São Mateus
222000,50,2,2,1,São Mateus
400000,61,2,2,1,São Mateus
245000,44,2,2,1,São Mateus
202000,47,2,2,1,São Mateus
260000,44,2,2,1,São Mateus
240000,53,2,2,1,São Miguel
185000,40,2,2,1,São Miguel
300000,52,2,2,1,São Miguel
200000,45,2,2,1,São Miguel
742000,152,3,4,2,São Miguel
280000,60,2,2,1,São Miguel
185000,40,2,2,1,São Miguel
1600000,304,5,5,4,São Miguel
520000,128,3,2,3,São Miguel
240000,50,2,2,1,São Miguel
170000,44,2,2,1,São Miguel
185000,48,2,2,1,São Miguel
340000,97,3,2,1,São Miguel
225000,51,2,2,1,São Miguel
196000,55,2,2,1,São Miguel
260000,52,2,2,1,São Miguel
190000,45,2,2,1,São Miguel
225000,52,2,2,1,São Miguel
190000,52,2,2,1,São Miguel
185000,38,2,2,1,São Miguel
199000,49,2,2,1,São Miguel
160000,44,2,2,1,São Miguel
180000,52,1,2,1,São Miguel
250000,54,2,2,1,São Miguel
210000,56,3,2,1,São Miguel
230000,55,2,2,1,São Miguel
600000,220,3,3,3,São Miguel
220000,49,2,2,1,São Miguel
620000,128,3,3,3,São Miguel
182000,63,2,2,1,São Rafael
200000,62,2,2,1,São Rafael
190000,57,2,2,1,São Rafael
180000,50,2,2,1,São Rafael
239000,58,3,2,1,São Rafael
165000,54,2,2,1,São Rafael
190000,62,2,2,1,São Rafael
190000,56,2,2,1,São Rafael
241917,94,3,2,1,São Rafael
197000,56,2,2,1,São Rafael
185000,54,2,2,1,São Rafael
197000,56,2,2,1,São Rafael
129000,48,2,2,1,São Rafael
200000,54,2,2,1,São Rafael
201400,50,2,2,1,São Rafael
230000,60,2,2,1,São Rafael
230000,63,2,2,1,São Rafael
200000,49,2,2,1,São Rafael
220000,60,2,2,1,São Rafael
198000,50,2,2,1,São Rafael
192000,50,2,2,1,São Rafael
220000,50,2,2,1,São Rafael
200000,50,2,2,1,São Rafael
210000,50,2,2,1,São Rafael
190000,60,2,2,1,São Rafael
160000,52,2,2,1,São Rafael
220000,50,2,2,1,São Rafael
210000,54,2,2,1,São Rafael
185000,52,2,2,1,São Rafael
187000,56,2,2,1,São Rafael
650000,82,3,3,2,Tatuapé
350000,65,3,2,1,Tatuapé
393899,60,2,2,1,Tatuapé
445000,50,2,2,1,Tatuapé
995000,127,3,5,2,Tatuapé
767000,124,3,2,2,Tatuapé
2700000,264,3,4,4,Tatuapé
630000,78,3,2,2,Tatuapé
899999,132,4,4,3,Tatuapé
1390000,152,3,5,2,Tatuapé
680000,81,2,2,2,Tatuapé
699990,97,3,3,2,Tatuapé
350000,91,4,2,1,Tatuapé
780000,92,3,3,2,Tatuapé
550000,73,3,2,2,Tatuapé
310000,47,2,2,1,Tatuapé
755000,120,3,3,2,Tatuapé
1310000,165,3,5,3,Tatuapé
780000,93,3,3,2,Tatuapé
1250000,130,3,4,2,Tatuapé
650000,81,3,2,2,Tatuapé
1729000,171,3,5,3,Tatuapé
979600,124,3,3,2,Tatuapé
1240000,132,4,4,2,Tatuapé
768000,124,3,2,2,Tatuapé
280000,45,2,2,1,Tatuapé
680000,106,3,3,2,Tatuapé
240000,90,2,2,1,Vila Curuçá
240000,48,2,2,1,Vila Curuçá
250000,60,2,2,1,Vila Curuçá
220000,46,2,2,1,Vila Curuçá
400000,80,3,2,1,Vila Curuçá
260000,58,2,2,1,Vila Curuçá
250000,51,2,2,1,Vila Curuçá
238000,51,2,2,1,Vila Curuçá
178000,48,2,2,1,Vila Curuçá
270000,54,2,2,1,Vila Curuçá
243000,44,2,2,1,Vila Curuçá
260000,47,2,2,1,Vila Curuçá
227000,44,2,2,1,Vila Curuçá
250000,47,2,2,1,Vila Curuçá
223000,52,2,2,1,Vila Curuçá
189900,47,2,2,1,Vila Curuçá
239900,57,2,2,1,Vila Curuçá
210000,52,2,2,1,Vila Curuçá
239000,57,2,2,1,Vila Curuçá
190000,47,2,2,1,Vila Curuçá
240000,46,2,2,1,Vila Curuçá
245000,47,2,2,1,Vila Curuçá
226000,48,2,2,1,Vila Curuçá
240000,50,2,2,1,Vila Curuçá
259000,52,2,2,1,Vila Curuçá
243800,55,2,2,1,Vila Curuçá
230000,47,2,2,1,Vila Curuçá
235000,50,2,2,1,Vila Curuçá
290000,54,3,2,1,Vila Formosa
365000,58,2,2,1,Vila Formosa
810000,109,3,2,2,Vila Formosa
280000,56,2,2,1,Vila Formosa
745000,104,3,3,2,Vila Formosa
1100000,109,3,2,2,Vila Formosa
725000,92,3,2,2,Vila Formosa
399000,74,3,3,2,Vila Formosa
990000,124,3,2,2,Vila Formosa
620000,75,3,2,2,Vila Formosa
177000,40,2,1,1,Vila Formosa
245000,48,2,2,1,Vila Formosa
275600,49,2,2,1,Vila Formosa
550000,97,3,3,2,Vila Formosa
280000,49,2,2,1,Vila Formosa
790000,104,3,3,2,Vila Formosa
949999,104,2,2,2,Vila Formosa
789990,109,3,3,2,Vila Formosa
683400,81,3,2,2,Vila Formosa
370000,56,2,2,1,Vila Formosa
446958,55,2,2,1,Vila Formosa
840000,105,2,3,2,Vila Formosa
320000,65,2,2,1,Vila Formosa
529000,60,2,2,1,Vila Formosa
453952,55,2,2,1,Vila Formosa
500000,84,3,2,2,Vila Formosa
1060000,117,2,3,3,Vila Formosa
890000,124,4,2,2,Vila Formosa
520000,81,3,2,2,Vila Formosa
230000,50,2,2,1,Vila Jacuí
950000,152,3,3,4,Vila Jacuí
210000,47,2,2,1,Vila Jacuí
265000,53,2,2,1,Vila Jacuí
180000,44,2,2,1,Vila Jacuí
205000,47,2,2,1,Vila Jacuí
210000,47,2,2,1,Vila Jacuí
760000,152,3,4,2,Vila Jacuí
1200000,300,3,5,3,Vila Jacuí
198800,55,2,2,1,Vila Jacuí
346218,54,2,2,1,Vila Jacuí
205000,47,2,2,1,Vila Jacuí
169900,41,2,1,1,Vila Jacuí
800000,152,3,4,2,Vila Jacuí
260000,50,2,2,1,Vila Jacuí
310000,53,2,2,1,Vila Jacuí
330000,70,2,3,2,Vila Jacuí
240000,49,2,2,1,Vila Jacuí
220000,54,2,2,1,Vila Jacuí
1600000,300,4,3,4,Vila Jacuí
260000,50,2,2,1,Vila Jacuí
850000,125,3,3,2,Vila Jacuí
220000,45,2,2,1,Vila Jacuí
200000,42,2,2,1,Vila Jacuí
192000,53,2,2,1,Vila Jacuí
160000,54,2,2,1,Vila Jacuí
200000,42,2,2,1,Vila Jacuí
499999,79,3,2,2,Vila Matilde
520000,112,3,3,2,Vila Matilde
219900,39,2,2,1,Vila Matilde
490000,73,3,2,2,Vila Matilde
590000,79,3,2,2,Vila Matilde
229000,40,2,2,1,Vila Matilde
265000,60,2,2,1,Vila Matilde
315900,51,2,2,1,Vila Matilde
299000,54,2,2,1,Vila Matilde
399000,61,2,2,1,Vila Matilde
326000,70,2,2,1,Vila Matilde
189000,37,3,2,1,Vila Matilde
230000,45,2,2,1,Vila Matilde
260000,50,2,2,1,Vila Matilde
322000,61,3,2,1,Vila Matilde
540000,69,3,2,2,Vila Matilde
260000,52,2,2,1,Vila Matilde
275000,51,2,2,1,Vila Matilde
590000,100,3,3,2,Vila Matilde
249000,49,2,2,1,Vila Matilde
329000,63,3,2,1,Vila Matilde
177000,38,1,2,1,Vila Matilde
317000,51,2,2,1,Vila Matilde
480000,79,3,2,2,Vila Matilde
374900,51,2,2,1,Vila Prudente
290000,70,3,2,1,Vila Prudente
400000,64,2,2,1,Vila Prudente
249000,48,2,2,1,Vila Prudente
244900,49,2,2,1,Vila Prudente
350000,64,3,2,1,Vila Prudente
229000,42,2,2,1,Vila Prudente
221000,56,2,2,1,Vila Prudente
295000,49,2,2,1,Vila Prudente
240000,34,1,2,1,Vila Prudente
305000,53,2,2,1,Vila Prudente
219000,41,2,2,1,Vila Prudente
665000,152,4,2,3,Vila Prudente
235000,42,2,2,1,Vila Prudente
360000,55,2,2,1,Vila Prudente
333000,52,2,2,1,Vila Prudente
235000,34,1,2,1,Vila Prudente
300000,48,2,2,1,Vila Prudente
725000,93,3,3,2,Vila Prudente
286000,51,2,1,1,Vila Prudente
375000,66,3,2,1,Vila Prudente
280000,52,2,2,1,Vila Prudente
370000,47,2,2,1,Vila Prudente
199000,40,2,2,1,Vila Prudente
400000,55,2,2,1,Vila Prudente
330000,65,3,2,1,Vila Prudente
350000,65,2,2,1,Vila Prudente
628000,74,3,3,2,Vila Prudente
250000,56,2,2,1,Vila Prudente
367000,56,2,2,1,Vila Prudente
183900,41,2,2,1,Cambuci
184900,41,2,1,1,Cambuci
316387,49,2,2,1,Cambuci
370000,74,2,2,1,Cambuci
189000,37,2,2,1,Cambuci
529000,63,2,2,1,Cambuci
400000,53,2,2,1,Cambuci
490000,89,2,2,1,Cambuci
694000,79,3,2,2,Cambuci
229000,45,2,2,1,Cambuci
219000,45,2,2,1,Cambuci
229000,45,2,2,1,Cambuci
330000,63,2,2,1,Cambuci
316387,46,2,2,1,Cambuci
183900,41,2,2,1,Cambuci
189900,40,2,2,1,Cambuci
650000,144,3,4,1,Cambuci
240000,45,2,2,1,Cambuci
183550,40,2,2,1,Cambuci
366700,51,1,2,1,Cambuci
250000,40,1,2,1,Cambuci
193900,42,2,2,1,Cambuci
420000,63,3,2,2,Cambuci
409000,54,2,2,1,Cambuci
835000,103,2,4,1,Cambuci
470000,59,2,2,1,Cambuci
229000,45,2,2,1,Cambuci
381700,71,3,3,2,Cambuci
360000,64,2,2,1,Cambuci
200000,43,1,2,1,Cambuci
183900,41,2,2,1,Cambuci
470000,38,1,2,1,Cambuci
240000,40,1,2,1,Cambuci
207040,41,2,2,1,Cambuci
890000,91,3,2,2,Cambuci
750000,86,2,2,2,Cambuci
320000,61,2,2,1,Cambuci
196900,41,2,2,1,Cambuci
460000,63,2,2,1,Cambuci
390000,52,2,2,1,Cambuci
300000,48,2,2,1,Cambuci
524900,71,2,2,1,Cambuci
972611,70,3,2,1,Cambuci
237000,34,2,2,1,Cambuci
639999,68,2,2,2,Cambuci
490000,89,2,2,1,Cambuci
376222,59,2,2,1,Cambuci
798000,73,2,2,2,Cambuci
700000,91,3,3,2,Cambuci
910000,135,3,3,1,Campo Belo
720000,70,2,2,2,Campo Belo
745000,70,2,2,2,Campo Belo
1500000,148,3,4,3,Campo Belo
692000,60,2,2,1,Campo Belo
900000,109,3,4,2,Campo Belo
760000,70,2,2,2,Campo Belo
1150800,147,4,3,2,Campo Belo
1230000,117,3,4,2,Campo Belo
430000,53,2,2,2,Campo Belo
550000,35,1,2,1,Campo Belo
1100000,130,3,3,2,Campo Belo
1050000,128,3,4,1,Campo Belo
377000,37,1,2,1,Campo Belo
1070000,60,1,2,2,Campo Belo
3750000,274,3,2,4,Campo Belo
1080000,89,2,3,2,Campo Belo
2500000,227,4,6,4,Campo Belo
360100,61,3,2,1,Campo Belo
3800000,310,4,6,4,Campo Belo
965000,123,3,2,2,Campo Belo
3059657,220,4,5,4,Campo Belo
757000,70,2,2,2,Campo Belo
2650000,223,3,4,4,Campo Belo
2540000,220,3,5,4,Campo Belo
1850000,154,3,5,3,Campo Belo
800000,71,2,2,2,Campo Belo
960000,120,3,4,2,Campo Belo
1150780,100,3,3,2,Campo Belo
1350000,118,3,5,2,Campo Belo
155000,30,1,2,1,Campo Grande
340000,60,2,2,1,Campo Grande
1380000,163,3,5,3,Campo Grande
350000,58,2,2,1,Campo Grande
530000,61,2,2,1,Campo Grande
410000,60,3,2,1,Campo Grande
369000,95,2,2,1,Campo Grande
230000,50,2,2,1,Campo Grande
310000,45,2,2,1,Campo Grande
350000,76,2,2,1,Campo Grande
279990,50,2,2,1,Campo Grande
325000,64,3,2,1,Campo Grande
290000,52,2,2,1,Campo Grande
490000,60,2,2,2,Campo Grande
360000,60,2,2,1,Campo Grande
365000,55,2,2,1,Campo Grande
320000,50,2,2,1,Campo Grande
399000,61,2,2,1,Campo Grande
310000,75,3,2,1,Campo Grande
575000,78,2,2,2,Campo Grande
286000,49,2,2,1,Campo Grande
295000,52,2,2,1,Campo Grande
530000,87,3,3,1,Campo Grande
296000,50,2,2,1,Campo Grande
399000,79,2,2,1,Campo Grande
264990,50,2,2,1,Campo Grande
390000,67,3,2,1,Campo Grande
510000,77,2,2,2,Campo Grande
425000,72,3,2,2,Campo Grande
300000,49,2,2,1,Campo Grande
240000,50,2,2,1,Campo Limpo
229000,48,2,2,1,Campo Limpo
215000,51,2,2,1,Campo Limpo
250000,50,2,2,1,Campo Limpo
650000,104,2,3,2,Campo Limpo
315000,67,3,2,1,Campo Limpo
380000,92,3,2,1,Campo Limpo
250000,55,2,2,1,Campo Limpo
149000,40,2,2,1,Campo Limpo
226000,62,2,2,1,Campo Limpo
220000,47,2,2,1,Campo Limpo
214000,53,2,2,1,Campo Limpo
210000,42,2,2,1,Campo Limpo
199900,40,2,2,1,Campo Limpo
245000,54,2,2,1,Campo Limpo
340000,51,2,2,1,Campo Limpo
290000,58,3,2,1,Campo Limpo
199000,40,2,2,1,Campo Limpo
260000,52,2,2,1,Campo Limpo
260000,48,2,2,1,Campo Limpo
580000,98,3,3,1,Campo Limpo
320000,65,3,2,1,Campo Limpo
290000,68,3,2,1,Campo Limpo
222000,51,2,2,1,Campo Limpo
270000,52,2,2,1,Campo Limpo
260000,55,2,2,1,Capão Redondo
150290,40,2,1,1,Capão Redondo
165000,52,2,2,1,Capão Redondo
209500,49,2,2,1,Capão Redondo
260000,56,2,2,1,Capão Redondo
235000,35,1,2,1,Capão Redondo
265000,57,2,2,1,Capão Redondo
178000,50,2,2,1,Capão Redondo
170000,42,2,2,1,Capão Redondo
230000,49,2,2,1,Capão Redondo
210000,50,2,2,1,Capão Redondo
217000,43,2,1,1,Capão Redondo
275000,68,3,2,1,Capão Redondo
235000,49,2,2,1,Capão Redondo
190000,49,2,2,1,Capão Redondo
230000,62,2,2,1,Capão Redondo
215000,54,2,2,1,Capão Redondo
550000,180,3,4,2,Capão Redondo
163447,43,2,1,1,Capão Redondo
440000,136,3,2,1,Capão Redondo
195000,45,2,2,1,Capão Redondo
202814,43,2,1,1,Capão Redondo
190000,39,2,2,1,Capão Redondo
270000,60,3,2,1,Capão Redondo
205000,48,2,2,1,Capão Redondo
275000,60,2,2,1,Cidade Ademar
295000,60,2,2,1,Cidade Ademar
299000,68,3,2,1,Cidade Ademar
277000,64,2,2,1,Cidade Ademar
450000,66,3,2,2,Cidade Ademar
303000,48,2,2,1,Cidade Ademar
279000,65,2,2,1,Cidade Ademar
290000,65,3,2,1,Cidade Ademar
213000,46,2,2,1,Cidade Ademar
310000,70,2,2,2,Cidade Ademar
350000,69,3,2,1,Cidade Ademar
330000,65,3,2,1,Cidade Ademar
330000,64,3,2,1,Cidade Ademar
300000,55,2,2,1,Cidade Ademar
305000,60,2,2,1,Cidade Ademar
330000,62,2,2,1,Cidade Ademar
320000,65,3,2,1,Cidade Ademar
310000,65,3,2,1,Cidade Ademar
370000,67,3,2,1,Cidade Ademar
310000,65,2,2,1,Cidade Ademar
300000,62,2,2,1,Cidade Ademar
280000,55,2,2,1,Cidade Ademar
440000,70,2,2,1,Cidade Ademar
700000,146,4,2,2,Cidade Ademar
460000,66,3,2,2,Cidade Ademar
250000,61,2,2,1,Cidade Ademar
880000,180,4,4,2,Cidade Dutra
250000,72,3,2,1,Cidade Dutra
750000,180,4,4,2,Cidade Dutra
260000,64,3,2,1,Cidade Dutra
260000,56,3,2,1,Cidade Dutra
850000,182,3,4,2,Cidade Dutra
830000,180,4,4,1,Cidade Dutra
920000,180,3,3,2,Cidade Dutra
780000,180,4,4,1,Cidade Dutra
730000,180,4,5,2,Cidade Dutra
600000,180,3,1,2,Cidade Dutra
800000,181,3,5,2,Cidade Dutra
335000,55,2,2,1,Cidade Dutra
285000,56,2,2,1,Cidade Dutra
265000,49,2,2,1,Cidade Dutra
850000,180,4,5,3,Cidade Dutra
635000,180,3,5,2,Cidade Dutra
850000,160,4,5,2,Cidade Dutra
800000,185,4,6,2,Cidade Dutra
700000,181,4,6,2,Cidade Dutra
245000,50,2,2,1,Cidade Dutra
285000,63,2,2,1,Cidade Dutra
880000,185,4,4,2,Cidade Dutra
380000,80,2,2,2,Cidade Dutra
350000,55,2,2,1,Cidade Dutra
265000,52,2,2,1,Cidade Dutra
358000,55,2,2,1,Cidade Dutra
365000,53,2,2,2,Cursino
169000,41,2,2,1,Cursino
377000,53,2,2,2,Cursino
168000,41,2,2,1,Cursino
240000,72,3,2,1,Cursino
585000,62,2,2,1,Cursino
690000,82,3,2,2,Cursino
219000,49,2,2,1,Cursino
580000,85,3,2,2,Cursino
299990,53,2,2,1,Cursino
380000,56,2,2,1,Cursino
850000,101,3,4,2,Cursino
219000,49,2,2,1,Cursino
370000,58,2,2,1,Cursino
700000,81,3,2,1,Cursino
1050000,93,3,2,3,Cursino
700000,68,2,2,1,Cursino
265000,62,3,2,1,Cursino
660000,89,3,2,2,Cursino
689000,80,3,2,2,Cursino
545000,72,3,3,1,Cursino
535000,67,2,2,1,Cursino
188000,41,2,2,1,Cursino
735000,86,2,2,2,Cursino
500000,69,2,2,1,Cursino
780000,100,3,2,2,Cursino
550000,70,2,2,2,Cursino
180000,50,2,2,1,Grajaú
250000,62,2,2,1,Grajaú
190000,58,2,2,1,Grajaú
139000,35,2,2,1,Grajaú
190000,60,2,2,1,Grajaú
170000,53,3,2,1,Grajaú
260000,56,2,2,1,Grajaú
170000,56,3,2,1,Grajaú
215000,58,2,2,1,Grajaú
240000,50,2,2,1,Grajaú
139000,50,2,2,1,Grajaú
145000,50,2,2,1,Grajaú
250000,50,2,2,1,Grajaú
280000,57,2,2,1,Grajaú
190000,47,2,2,1,Grajaú
260000,55,3,2,1,Grajaú
285000,58,2,2,1,Grajaú
250000,70,3,2,1,Grajaú
250000,48,2,2,1,Grajaú
170000,39,2,2,1,Grajaú
200000,57,2,2,1,Grajaú
280000,73,3,2,1,Grajaú
196000,45,2,2,1,Grajaú
190000,47,1,2,1,Grajaú
235000,58,2,2,1,Grajaú
260000,62,2,2,1,Grajaú
225000,54,2,2,1,Grajaú
285000,56,2,2,1,Grajaú
560000,72,3,2,1,Ipiranga
994000,108,3,3,2,Ipiranga
1830000,170,4,4,3,Ipiranga
735000,70,2,2,1,Ipiranga
980000,130,3,4,2,Ipiranga
700000,127,3,3,1,Ipiranga
585000,100,3,4,2,Ipiranga
535000,67,2,2,1,Ipiranga
850000,126,4,5,2,Ipiranga
679900,85,3,2,2,Ipiranga
1472000,160,4,5,2,Ipiranga
623092,70,3,2,1,Ipiranga
1149900,128,3,4,2,Ipiranga
600000,72,2,2,1,Ipiranga
550000,80,3,2,2,Ipiranga
1177000,106,3,3,2,Ipiranga
600000,74,3,2,2,Ipiranga
392000,54,2,2,1,Ipiranga
1245000,133,3,4,2,Ipiranga
450000,110,3,2,2,Ipiranga
679900,80,3,2,2,Ipiranga
623092,70,1,2,1,Ipiranga
585000,70,2,2,1,Ipiranga
1020000,115,3,2,2,Ipiranga
580000,70,2,2,2,Ipiranga
718000,74,2,3,1,Ipiranga
1000000,150,3,4,3,Ipiranga
550000,72,3,2,1,Ipiranga
840000,75,1,2,1,Itaim Bibi
1480000,125,3,3,2,Itaim Bibi
1340000,81,2,3,2,Itaim Bibi
3200000,151,2,3,3,Itaim Bibi
1200000,96,2,2,1,Itaim Bibi
2080000,91,1,2,2,Itaim Bibi
8000000,269,4,5,4,Itaim Bibi
1900000,187,3,4,2,Itaim Bibi
1020000,107,3,3,1,Itaim Bibi
3250000,190,4,5,3,Itaim Bibi
1380000,145,3,3,1,Itaim Bibi
1447021,95,2,3,2,Itaim Bibi
1490000,120,4,3,2,Itaim Bibi
1860000,144,2,3,2,Itaim Bibi
1150000,110,3,3,1,Itaim Bibi
2048880,85,1,2,2,Itaim Bibi
3600000,185,3,5,3,Itaim Bibi
1250000,140,3,3,1,Itaim Bibi
1400000,100,2,4,1,Itaim Bibi
1200000,96,2,2,1,Itaim Bibi
585000,45,1,2,1,Itaim Bibi
1380000,105,1,2,2,Itaim Bibi
1049000,98,2,2,1,Itaim Bibi
1210000,48,1,2,1,Itaim Bibi
1300000,140,3,2,1,Itaim Bibi
1050000,70,1,2,2,Itaim Bibi
3850000,200,2,4,3,Itaim Bibi
1200000,140,3,3,1,Itaim Bibi
470000,62,2,2,1,Jabaquara
157900,41,2,1,1,Jabaquara
375000,63,2,2,1,Jabaquara
570000,88,3,2,2,Jabaquara
565000,91,3,2,2,Jabaquara
1190000,128,3,3,3,Jabaquara
420000,68,2,2,2,Jabaquara
348000,54,2,2,1,Jabaquara
157900,41,2,1,2,Jabaquara
450000,55,2,2,1,Jabaquara
286000,55,2,2,1,Jabaquara
576000,88,3,2,2,Jabaquara
650000,116,2,2,2,Jabaquara
400000,67,2,2,1,Jabaquara
424000,68,2,2,1,Jabaquara
580000,88,3,2,2,Jabaquara
450000,71,2,2,1,Jabaquara
460000,67,2,2,1,Jabaquara
560000,68,2,2,2,Jabaquara
360000,65,3,2,1,Jabaquara
260000,54,2,2,1,Jabaquara
398000,63,2,2,1,Jabaquara
300000,50,2,2,1,Jabaquara
480000,68,1,2,1,Jabaquara
387900,64,3,2,1,Jabaquara
280000,48,2,2,1,Jabaquara
380000,70,2,2,1,Jabaquara
729775,49,2,2,1,Jabaquara
380000,56,2,2,1,Jabaquara
465000,58,2,2,1,Jabaquara
500000,71,2,2,1,Jabaquara
175000,44,2,2,1,Jardim Ângela
320000,60,3,2,1,Jardim Ângela
260000,64,3,2,1,Jardim Ângela
370000,60,3,2,1,Jardim Ângela
240000,48,2,2,1,Jardim Ângela
325000,60,3,2,1,Jardim Ângela
245000,48,2,2,1,Jardim Ângela
316500,60,3,2,1,Jardim Ângela
190000,43,2,2,1,Jardim Ângela
215000,43,2,2,1,Jardim Ângela
200000,47,2,2,1,Jardim Ângela
202000,44,2,2,1,Jardim Ângela
315000,59,3,2,1,Jardim Ângela
335000,60,2,2,1,Jardim Ângela
284000,65,3,2,1,Jardim Ângela
225000,50,2,2,1,Jardim Ângela
280000,45,2,2,1,Jardim Ângela
328000,60,2,2,1,Jardim Ângela
265000,47,2,2,1,Jardim Ângela
371000,60,2,2,1,Jardim Ângela
334000,60,3,2,1,Jardim Ângela
222000,45,2,2,1,Jardim Ângela
262000,46,2,2,1,Jardim Ângela
280000,64,3,2,1,Jardim Ângela
225000,48,2,2,1,Jardim Ângela
300000,64,3,2,1,Jardim Ângela
205000,43,2,2,1,Jardim Ângela
220000,45,2,2,1,Jardim Ângela
265000,48,2,2,1,Jardim Ângela
220000,49,2,2,1,Jardim Ângela
1290000,100,3,4,1,Jardim Paulista
1080000,124,3,3,1,Jardim Paulista
1980000,168,4,4,2,Jardim Paulista
1190000,81,2,3,1,Jardim Paulista
2950000,239,3,3,2,Jardim Paulista
350000,42,1,2,1,Jardim Paulista
2100000,168,4,4,1,Jardim Paulista
950000,108,3,3,1,Jardim Paulista
924000,55,2,3,1,Jardim Paulista
1179000,101,2,4,1,Jardim Paulista
1399000,120,3,2,1,Jardim Paulista
1000000,130,3,2,1,Jardim Paulista
400000,31,1,2,1,Jardim Paulista
2890000,240,4,4,4,Jardim Paulista
8500000,420,4,6,4,Jardim Paulista
1800000,210,3,4,2,Jardim Paulista
980000,140,3,2,1,Jardim Paulista
410000,34,1,2,1,Jardim Paulista
900000,65,2,1,1,Jardim Paulista
1300000,138,3,3,1,Jardim Paulista
900000,60,2,2,2,Jardim Paulista
1940000,226,3,4,2,Jardim Paulista
1400000,168,3,4,2,Jardim Paulista
1600000,115,3,3,2,Jardim Paulista
2600000,187,3,5,2,Jardim Paulista
760000,45,1,2,1,Jardim Paulista
500000,133,3,2,1,Jardim São Luis
215000,52,2,2,1,Jardim São Luis
225000,54,2,2,1,Jardim São Luis
235000,53,2,2,1,Jardim São Luis
235000,54,2,2,1,Jardim São Luis
190000,52,2,2,1,Jardim São Luis
250000,57,2,2,1,Jardim São Luis
250000,55,2,2,1,Jardim São Luis
220000,50,2,2,1,Jardim São Luis
243000,58,2,2,1,Jardim São Luis
240000,52,2,2,1,Jardim São Luis
290000,73,3,2,1,Jardim São Luis
200000,52,2,2,1,Jardim São Luis
645000,162,3,3,2,Jardim São Luis
215000,52,2,2,1,Jardim São Luis
250000,58,2,2,1,Jardim São Luis
265000,54,2,2,1,Jardim São Luis
220000,52,2,2,1,Jardim São Luis
246000,56,2,2,1,Jardim São Luis
300000,70,3,2,1,Jardim São Luis
230000,53,2,2,1,Jardim São Luis
215000,54,2,2,1,Jardim São Luis
290000,54,2,2,1,Jardim São Luis
320000,65,3,2,1,Jardim São Luis
230000,54,2,2,1,Jardim São Luis
230000,48,2,2,1,Jardim São Luis
229000,54,2,2,1,Jardim São Luis
220000,54,2,2,1,Jardim São Luis
240000,54,2,2,1,Jardim São Luis
275000,54,2,2,1,Jardim São Luis
233000,54,2,2,1,Jardim São Luis
248000,55,2,2,1,Jardim São Luis
247000,55,2,2,1,Jardim São Luis
610000,125,3,3,2,Jardim São Luis
1450000,160,2,3,1,Moema
945000,72,1,2,2,Moema
1000000,150,4,3,2,Moema
600000,75,2,2,1,Moema
1600000,217,4,5,3,Moema
850000,70,2,2,2,Moema
1250000,115,3,3,2,Moema
999000,71,2,2,1,Moema
1590000,170,5,5,2,Moema
3000000,182,4,4,4,Moema
910000,99,2,4,2,Moema
2890000,172,3,5,3,Moema
1550000,140,4,5,2,Moema
470000,40,1,2,1,Moema
1835500,148,3,4,2,Moema
1100000,71,2,2,1,Moema
580000,70,2,2,1,Moema
890000,120,3,4,1,Moema
2970000,182,4,4,4,Moema
1360000,120,2,3,2,Moema
1890000,127,3,3,2,Moema
550000,57,2,2,1,Moema
683000,62,2,2,1,Moema
1740000,170,3,4,2,Moema
580000,60,2,2,1,Moema
543000,57,2,2,1,Moema
1650000,135,3,4,2,Moema
1200000,126,3,2,1,Moema
400000,72,3,2,2,Morumbi
1500000,237,4,5,4,Morumbi
622112,92,3,3,2,Morumbi
665800,125,4,3,2,Morumbi
1190000,238,4,7,4,Morumbi
500000,130,3,4,3,Morumbi
625000,110,3,2,2,Morumbi
800000,160,3,5,3,Morumbi
397000,69,2,2,2,Morumbi
590000,85,2,3,1,Morumbi
263000,48,1,2,2,Morumbi
540009,92,3,2,2,Morumbi
666000,126,4,4,2,Morumbi
1500000,220,4,4,4,Morumbi
310900,66,3,2,2,Morumbi
435000,70,2,2,1,Morumbi
467000,80,3,2,1,Morumbi
309900,66,2,2,2,Morumbi
830000,140,2,3,2,Morumbi
295000,50,2,2,1,Morumbi
490000,66,2,2,2,Morumbi
360000,75,3,3,2,Morumbi
635000,130,2,2,2,Morumbi
567600,67,3,1,1,Morumbi
247800,54,2,2,1,Morumbi
298000,70,2,2,1,Morumbi
650000,130,3,3,2,Morumbi
280000,49,2,2,1,Pedreira
290000,50,2,2,1,Pedreira
280000,51,2,2,1,Pedreira
270000,54,2,2,1,Pedreira
250000,57,2,2,1,Pedreira
215000,50,2,2,1,Pedreira
278000,69,2,2,1,Pedreira
243000,56,2,2,1,Pedreira
205000,44,1,2,1,Pedreira
240000,48,2,2,1,Pedreira
238500,47,2,2,1,Pedreira
270000,51,2,2,1,Pedreira
250000,58,2,2,1,Pedreira
300000,46,2,2,1,Pedreira
220000,59,2,2,1,Pedreira
250000,65,2,2,1,Pedreira
265000,48,2,2,1,Pedreira
270000,70,2,2,1,Pedreira
295000,61,2,2,1,Pedreira
320000,74,2,2,1,Pedreira
225000,50,2,2,1,Pedreira
265000,70,2,2,1,Pedreira
295000,65,2,2,1,Pedreira
466000,73,2,2,1,Pedreira
350000,58,2,2,1,Pedreira
278000,60,2,2,1,Pedreira
265000,49,2,2,1,Pedreira
280000,50,2,2,1,Pedreira
280000,52,2,2,1,Pedreira
180000,35,1,2,1,Sacomã
351000,61,2,2,1,Sacomã
326134,61,2,2,1,Sacomã
361150,64,2,2,1,Sacomã
313296,61,2,2,1,Sacomã
362000,64,2,2,1,Sacomã
326000,61,2,2,1,Sacomã
313296,61,2,2,1,Sacomã
430000,60,2,2,1,Sacomã
418000,67,2,2,1,Sacomã
367500,62,2,2,1,Sacomã
180000,38,1,2,1,Sacomã
188000,40,2,2,1,Sacomã
399900,44,2,2,1,Sacomã
152000,32,2,2,1,Sacomã
219000,49,2,2,1,Sacomã
585000,100,3,3,1,Sacomã
361150,64,2,2,1,Sacomã
458545,74,3,2,2,Sacomã
290000,48,2,2,1,Sacomã
326000,61,2,2,1,Sacomã
361114,64,2,2,1,Sacomã
458545,74,3,2,2,Sacomã
249000,54,2,2,1,Sacomã
850000,84,3,2,2,Sacomã
415000,65,2,2,1,Sacomã
242629,60,2,2,1,Sacomã
380000,71,2,2,1,Santo Amaro
795000,69,2,2,1,Santo Amaro
720000,83,3,2,2,Santo Amaro
338000,53,2,2,1,Santo Amaro
395000,72,3,2,2,Santo Amaro
570000,82,3,2,1,Santo Amaro
380000,71,3,2,1,Santo Amaro
674000,92,3,2,2,Santo Amaro
541000,67,2,2,2,Santo Amaro
335000,53,2,2,1,Santo Amaro
199000,43,2,2,1,Santo Amaro
624900,92,3,3,2,Santo Amaro
618657,83,3,2,2,Santo Amaro
630000,92,3,3,2,Santo Amaro
1850000,189,4,3,3,Santo Amaro
1242198,113,3,3,2,Santo Amaro
1080000,124,3,4,2,Santo Amaro
400000,71,3,2,1,Santo Amaro
570000,100,2,2,1,Santo Amaro
380000,71,3,2,1,Santo Amaro
1200000,160,3,5,2,Santo Amaro
2600000,250,4,6,4,Santo Amaro
1950000,237,4,4,3,Santo Amaro
1250000,117,3,3,2,Santo Amaro
881000,74,1,2,1,Santo Amaro
705000,65,2,2,1,Santo Amaro
380000,71,3,2,1,Santo Amaro
1869000,181,3,5,3,Santo Amaro
619990,83,3,2,1,Santo Amaro
1878980,181,4,5,3,Santo Amaro
1257575,113,2,3,2,Santo Amaro
970000,130,3,5,2,Santo Amaro
673000,92,3,3,2,Santo Amaro
729000,83,3,2,2,Santo Amaro
1680000,208,4,6,4,Santo Amaro
490000,65,2,2,1,Santo Amaro
680000,87,3,3,2,Santo Amaro
950000,130,3,5,2,Santo Amaro
199000,45,2,2,1,Santo Amaro
240000,43,2,2,1,Santo Amaro
389900,35,1,2,1,Santo Amaro
337310,54,2,2,1,Santo Amaro
334000,53,2,2,1,Santo Amaro
2449400,250,4,5,4,Santo Amaro
699000,83,3,2,2,Santo Amaro
1849430,189,4,5,4,Santo Amaro
1190000,177,3,3,2,Santo Amaro
673000,92,3,3,2,Santo Amaro
729315,83,3,2,2,Santo Amaro
515000,105,2,2,1,Santo Amaro
720000,100,3,3,2,Santo Amaro
592077,68,2,2,2,Santo Amaro
790000,100,3,3,2,Santo Amaro
613000,61,2,2,2,Saúde
410000,70,2,3,2,Saúde
501400,51,2,2,1,Saúde
574000,61,2,2,2,Saúde
595000,76,3,2,1,Saúde
605996,64,2,2,1,Saúde
430000,70,2,2,2,Saúde
579001,65,2,2,1,Saúde
615000,72,2,2,2,Saúde
459000,70,2,2,1,Saúde
610000,65,2,2,2,Saúde
720000,89,3,2,2,Saúde
599000,65,2,2,1,Saúde
815001,83,3,3,2,Saúde
739000,72,2,2,2,Saúde
263000,63,2,2,1,Saúde
398990,63,2,2,1,Saúde
398850,63,2,2,1,Saúde
750000,64,2,2,2,Saúde
1060000,103,4,4,3,Saúde
199000,41,2,2,1,Saúde
620000,72,2,2,2,Saúde
659070,58,2,2,1,Saúde
549000,60,2,2,1,Saúde
690000,80,3,2,1,Saúde
540000,84,3,3,2,Saúde
360000,55,2,2,1,Saúde
475000,50,2,2,1,Saúde
399000,63,2,2,1,Saúde
680000,70,2,2,2,Saúde
450000,73,3,2,1,Socorro
285000,48,2,2,1,Socorro
320000,51,2,2,1,Socorro
320000,55,2,2,1,Socorro
350000,50,2,2,1,Socorro
330000,50,2,2,1,Socorro
320000,50,2,2,1,Socorro
540000,67,2,2,1,Socorro
287000,55,2,2,1,Socorro
465000,67,2,2,1,Socorro
320000,55,2,2,1,Socorro
530000,66,2,2,1,Socorro
250000,56,2,2,1,Socorro
330000,63,2,2,1,Socorro
955000,210,3,4,1,Socorro
349800,75,3,4,1,Socorro
251200,65,3,2,1,Socorro
730000,110,4,2,2,Socorro
300000,65,2,2,1,Socorro
250000,50,2,2,1,Socorro
320000,48,2,2,1,Socorro
318000,47,2,2,1,Socorro
320000,56,2,2,1,Socorro
137481,51,2,2,1,Socorro
98815,51,2,2,1,Socorro
320000,48,2,2,1,Socorro
395000,65,2,2,1,Socorro
462000,67,2,2,1,Socorro
474000,67,2,2,1,Socorro
258000,50,2,2,1,Socorro
399900,77,3,2,2,Vila Andrade
700000,102,3,3,2,Vila Andrade
354000,59,2,2,2,Vila Andrade
237100,47,2,2,1,Vila Andrade
545000,83,2,2,2,Vila Andrade
349900,58,2,2,1,Vila Andrade
397000,69,2,2,2,Vila Andrade
1800000,280,4,6,4,Vila Andrade
740000,95,2,3,2,Vila Andrade
238000,38,1,2,1,Vila Andrade
200000,42,2,2,1,Vila Andrade
260000,47,2,2,1,Vila Andrade
302000,66,3,2,2,Vila Andrade
302000,66,3,2,2,Vila Andrade
890000,124,3,4,3,Vila Andrade
583800,84,3,2,2,Vila Andrade
259900,47,2,2,1,Vila Andrade
530900,92,3,2,3,Vila Andrade
680000,108,3,2,2,Vila Andrade
930000,138,3,4,2,Vila Andrade
308000,66,3,2,2,Vila Andrade
430000,62,2,2,2,Vila Andrade
475000,72,2,2,2,Vila Andrade
609000,96,3,3,2,Vila Andrade
415000,66,2,3,1,Vila Andrade
302000,66,3,2,2,Vila Andrade
399900,67,2,2,5,Vila Andrade
370000,70,3,2,2,Vila Andrade
394000,67,2,2,1,Vila Andrade
777000,105,3,2,1,Vila Mariana
3517000,294,4,6,4,Vila Mariana
470000,60,2,2,1,Vila Mariana
930000,99,4,2,2,Vila Mariana
695000,101,3,3,1,Vila Mariana
281000,32,1,2,1,Vila Mariana
577000,50,1,2,1,Vila Mariana
4182000,267,4,5,4,Vila Mariana
2199000,200,4,4,3,Vila Mariana
1800000,160,3,3,2,Vila Mariana
750000,105,3,3,1,Vila Mariana
820000,70,2,2,2,Vila Mariana
850000,85,1,2,2,Vila Mariana
1800000,163,3,4,4,Vila Mariana
802800,72,2,3,1,Vila Mariana
359900,33,1,2,1,Vila Mariana
500000,67,2,2,1,Vila Mariana
840000,91,3,4,2,Vila Mariana
650000,78,2,2,1,Vila Mariana
800000,82,3,2,2,Vila Mariana
705000,90,3,3,1,Vila Mariana
760000,68,3,2,2,Vila Mariana
924000,85,2,3,2,Vila Mariana
961500,85,2,3,2,Vila Mariana
929500,92,3,3,2,Vila Mariana
1250000,125,3,3,2,Vila Mariana
350000,42,2,2,1,Vila Mariana
449000,95,4,2,1,Vila Sônia
480000,68,2,2,1,Vila Sônia
440000,95,4,2,1,Vila Sônia
890000,104,3,3,2,Vila Sônia
155300,38,1,1,1,Vila Sônia
363000,67,3,2,2,Vila Sônia
1430000,188,3,5,3,Vila Sônia
260000,64,3,2,1,Vila Sônia
503565,67,3,2,1,Vila Sônia
350000,85,3,3,2,Vila Sônia
483000,77,3,2,1,Vila Sônia
384000,50,2,2,1,Vila Sônia
620000,82,3,2,1,Vila Sônia
485000,67,3,2,1,Vila Sônia
509000,82,3,2,2,Vila Sônia
1950000,190,3,4,4,Vila Sônia
370000,50,2,2,1,Vila Sônia
480000,66,3,2,1,Vila Sônia
470000,68,3,2,1,Vila Sônia
503565,67,3,2,1,Vila Sônia
162300,37,1,2,1,Vila Sônia
490000,67,3,2,1,Vila Sônia
385000,50,2,2,1,Vila Sônia
595000,76,2,2,2,Vila Sônia
720000,77,2,2,1,Alto de Pinheiros
950000,73,2,2,1,Alto de Pinheiros
3910000,220,3,4,4,Alto de Pinheiros
2710001,211,3,4,3,Alto de Pinheiros
5465644,286,4,5,4,Alto de Pinheiros
1199770,243,4,7,4,Alto de Pinheiros
4999070,286,4,7,4,Alto de Pinheiros
960000,73,2,2,1,Alto de Pinheiros
5800000,286,4,6,4,Alto de Pinheiros
3590000,206,4,5,4,Alto de Pinheiros
1200000,125,3,2,2,Alto de Pinheiros
940000,104,3,2,2,Alto de Pinheiros
1100000,96,3,2,2,Alto de Pinheiros
5814000,285,4,6,4,Alto de Pinheiros
940000,104,3,4,2,Alto de Pinheiros
6000000,286,4,5,4,Alto de Pinheiros
7559420,377,3,4,4,Alto de Pinheiros
1130000,105,3,3,2,Alto de Pinheiros
2000000,163,4,3,3,Alto de Pinheiros
5850000,286,4,5,4,Alto de Pinheiros
3691000,206,4,5,4,Alto de Pinheiros
480000,60,2,2,2,Alto de Pinheiros
5630000,286,4,6,4,Alto de Pinheiros
969800,107,3,2,2,Alto de Pinheiros
866000,73,2,2,1,Alto de Pinheiros
1595000,233,4,5,4,Anhanguera
1790000,234,3,6,3,Anhanguera
330000,60,3,2,1,Anhanguera
485000,80,3,2,2,Anhanguera
320000,52,2,2,1,Anhanguera
1700000,266,4,5,4,Anhanguera
455000,76,3,2,1,Anhanguera
480000,74,3,2,1,Anhanguera
2420000,266,4,4,4,Anhanguera
430000,63,2,2,1,Anhanguera
1800000,266,4,1,4,Anhanguera
1850000,266,3,5,4,Anhanguera
430000,75,3,2,2,Anhanguera
340000,50,2,2,1,Anhanguera
445000,74,3,2,2,Anhanguera
425000,64,3,2,2,Anhanguera
467000,74,3,3,2,Anhanguera
430000,75,3,2,2,Anhanguera
415000,78,3,2,1,Anhanguera
440000,75,3,2,1,Anhanguera
1450000,266,4,5,4,Anhanguera
1900000,266,4,1,4,Anhanguera
350000,50,2,2,1,Anhanguera
1350000,266,4,5,4,Anhanguera
1690000,266,4,5,4,Anhanguera
2100000,266,4,5,4,Anhanguera
360000,50,2,2,1,Anhanguera
340000,50,2,2,1,Anhanguera
1850000,266,3,5,4,Anhanguera
1450000,266,4,6,4,Anhanguera
209000,40,2,2,1,Brasilândia
150900,41,2,1,1,Brasilândia
238000,50,2,2,1,Brasilândia
87000,52,2,2,1,Brasilândia
179000,40,2,2,1,Brasilândia
290000,48,2,2,1,Brasilândia
179000,40,2,2,1,Brasilândia
184900,40,2,2,1,Brasilândia
190000,48,2,2,1,Brasilândia
250000,48,2,2,1,Brasilândia
185000,50,2,2,1,Brasilândia
234000,48,2,2,1,Brasilândia
205800,40,2,2,1,Brasilândia
240000,48,2,2,1,Brasilândia
255000,48,2,2,1,Brasilândia
230000,48,2,2,1,Brasilândia
270000,49,2,2,1,Brasilândia
250000,48,2,2,1,Brasilândia
170000,51,2,2,1,Brasilândia
249000,47,2,2,1,Brasilândia
237000,55,2,2,1,Brasilândia
188600,40,2,2,1,Brasilândia
212000,50,2,2,1,Brasilândia
140000,48,2,2,1,Brasilândia
234000,55,2,2,1,Brasilândia
260000,50,2,2,1,Butantã
567600,66,3,2,1,Butantã
540000,66,2,2,1,Butantã
279000,57,2,2,1,Butantã
628300,66,2,2,1,Butantã
584000,66,2,2,1,Butantã
345000,77,3,2,1,Butantã
379999,50,2,2,1,Butantã
380000,50,2,2,1,Butantã
621700,91,3,3,2,Butantã
627000,66,2,2,1,Butantã
746000,67,2,2,1,Butantã
350000,55,2,2,1,Butantã
450000,59,2,2,1,Butantã
430000,77,3,2,2,Butantã
280000,75,2,2,1,Butantã
1439500,154,4,4,2,Butantã
579000,63,2,2,1,Butantã
205100,44,2,2,1,Butantã
503000,77,3,2,1,Butantã
2424900,264,3,5,3,Butantã
169000,40,2,2,1,Butantã
219000,41,2,2,1,Cachoeirinha
219000,41,2,2,1,Cachoeirinha
215000,41,2,2,1,Cachoeirinha
219000,41,2,2,1,Cachoeirinha
320000,64,3,2,1,Cachoeirinha
1078700,134,4,4,2,Cachoeirinha
219000,41,2,2,1,Cachoeirinha
229000,41,2,2,1,Cachoeirinha
219000,41,2,2,1,Cachoeirinha
219000,41,2,2,1,Cachoeirinha
219900,41,2,2,1,Cachoeirinha
260000,50,2,2,1,Cachoeirinha
275000,50,2,2,1,Cachoeirinha
240000,47,2,2,1,Cachoeirinha
339000,55,2,2,1,Cachoeirinha
230000,42,2,2,1,Cachoeirinha
245000,51,2,2,1,Cachoeirinha
185000,35,1,2,1,Cachoeirinha
210000,60,2,2,1,Cachoeirinha
448500,75,3,2,2,Freguesia do Ó
449000,74,3,3,2,Freguesia do Ó
450000,69,3,2,1,Freguesia do Ó
480000,70,3,2,1,Freguesia do Ó
194000,34,2,2,1,Freguesia do Ó
368990,59,2,2,1,Freguesia do Ó
379000,60,2,2,1,Freguesia do Ó
540000,85,3,2,1,Freguesia do Ó
250100,42,2,2,1,Freguesia do Ó
280000,59,2,2,1,Freguesia do Ó
388000,112,2,2,1,Freguesia do Ó
680000,81,3,2,2,Freguesia do Ó
285000,60,2,2,1,Freguesia do Ó
800000,107,3,4,2,Freguesia do Ó
320000,52,2,2,1,Freguesia do Ó
215000,53,2,2,1,Freguesia do Ó
290000,51,2,2,1,Freguesia do Ó
305000,45,2,2,1,Freguesia do Ó
421000,69,2,2,1,Freguesia do Ó
560000,79,3,2,2,Freguesia do Ó
307000,45,2,2,1,Freguesia do Ó
340000,56,2,2,1,Freguesia do Ó
194000,34,2,2,1,Freguesia do Ó
250000,45,2,2,1,Freguesia do Ó
320000,49,2,2,1,Freguesia do Ó
485000,70,3,2,1,Jaguaré
1650000,186,4,5,3,Jaguaré
490000,70,3,2,1,Jaguaré
335000,62,2,2,1,Jaguaré
385000,70,3,2,1,Jaguaré
320000,50,2,2,1,Jaguaré
379000,70,3,2,1,Jaguaré
480000,54,2,2,1,Jaguaré
333000,62,2,2,1,Jaguaré
370000,66,2,2,1,Jaguaré
570000,84,3,2,2,Jaguaré
350000,50,2,2,1,Jaguaré
580000,70,3,2,2,Jaguaré
353000,62,2,2,1,Jaguaré
520000,78,2,2,2,Jaguaré
1200000,156,3,5,2,Jaguaré
333300,62,2,2,1,Jaguaré
347500,63,2,2,1,Jaguaré
1280000,156,3,5,2,Jaguaré
1600000,186,3,5,3,Jaguaré
280000,65,2,2,2,Jaguaré
572000,70,3,2,2,Jaguaré
650000,83,3,2,2,Jaguaré
413400,82,3,3,2,Jaguaré
1780000,234,4,5,4,Jaguaré
1280000,156,3,5,2,Jaguaré
395000,70,3,2,1,Jaguaré
1300000,156,3,5,2,Jaguaré
390000,90,3,2,2,Jaraguá
475000,58,2,2,1,Jaraguá
710000,69,2,2,1,Jaraguá
550000,70,2,2,2,Jaraguá
610000,68,3,2,1,Jaraguá
500000,68,3,2,2,Jaraguá
420000,58,2,2,1,Jaraguá
500000,67,2,2,1,Jaraguá
400000,58,2,2,1,Jaraguá
479000,58,2,2,1,Jaraguá
455000,57,2,2,1,Jaraguá
540000,68,3,2,1,Jaraguá
410000,58,2,2,1,Jaraguá
450000,57,2,2,1,Jaraguá
395000,58,2,2,2,Jaraguá
450000,60,2,2,1,Jaraguá
470000,68,2,2,1,Jaraguá
401002,67,2,2,1,Jaraguá
395000,59,2,2,2,Jaraguá
510000,58,2,2,1,Jaraguá
770000,92,3,2,2,Lapa
760000,66,2,2,2,Lapa
655391,81,3,3,2,Lapa
850000,94,3,3,2,Lapa
265000,66,2,2,1,Lapa
448500,56,2,2,1,Lapa
1072140,134,4,3,2,Lapa
399900,55,2,2,1,Lapa
389900,49,2,2,1,Lapa
1290000,138,3,4,3,Lapa
430000,53,2,2,1,Lapa
403811,55,2,2,1,Lapa
670000,78,3,1,2,Lapa
340000,49,2,2,1,Lapa
850000,85,2,2,1,Lapa
1300000,134,3,4,2,Lapa
460000,56,2,2,1,Lapa
1650000,137,3,3,2,Lapa
309000,48,2,2,1,Lapa
328000,64,2,2,1,Lapa
1129000,156,3,5,3,Lapa
220000,57,2,2,1,Lapa
589000,81,3,2,2,Lapa
620000,68,2,2,1,Lapa
260000,57,2,2,1,Lapa
665147,81,3,2,2,Lapa
1060000,101,3,3,2,Lapa
590000,117,3,3,1,Lapa
335600,53,2,2,1,Limão
295000,50,2,2,1,Limão
395000,63,3,2,1,Limão
350000,56,2,2,2,Limão
370000,70,3,2,1,Limão
369000,68,3,2,1,Limão
690000,97,3,2,2,Limão
339000,53,2,2,1,Limão
280000,50,2,2,1,Limão
320000,50,2,2,1,Limão
287000,50,2,2,1,Limão
330000,55,2,2,1,Limão
699000,86,3,3,2,Limão
275000,49,2,2,1,Limão
280000,48,2,2,1,Limão
370000,62,2,3,1,Limão
335000,53,2,2,1,Limão
249000,50,2,2,1,Limão
440000,70,2,2,1,Limão
455000,70,3,2,1,Limão
240000,55,2,2,1,Limão
323505,45,2,2,1,Limão
875000,100,3,3,2,Limão
318000,56,2,2,1,Limão
395000,64,3,2,1,Limão
335600,54,2,2,1,Limão
328000,62,2,2,1,Limão
480000,64,2,2,1,Limão
275000,47,2,2,1,Limão
1250000,100,3,3,2,Perdizes
900000,99,2,3,1,Perdizes
1244000,100,3,3,2,Perdizes
550000,98,3,2,1,Perdizes
650000,98,3,2,1,Perdizes
660000,90,1,2,1,Perdizes
951600,118,3,3,2,Perdizes
835000,106,3,2,1,Perdizes
1000000,140,3,4,2,Perdizes
980000,109,3,3,2,Perdizes
650000,124,3,3,1,Perdizes
638000,60,2,1,1,Perdizes
740000,87,3,3,2,Perdizes
1100000,98,3,2,2,Perdizes
528500,60,2,2,1,Perdizes
620000,95,2,2,1,Perdizes
1890000,150,4,4,3,Perdizes
380000,60,2,2,1,Perdizes
1700000,143,4,4,2,Perdizes
3830000,250,4,6,4,Perdizes
660000,64,2,2,2,Perdizes
753657,74,2,2,1,Perdizes
748000,84,3,3,1,Perdizes
1380000,145,4,5,2,Perdizes
760000,80,2,3,1,Perdizes
1200000,136,3,4,1,Perdizes
3400000,255,4,6,4,Perdizes
1200000,124,3,4,2,Perdizes
189000,41,2,2,1,Perus
120000,45,2,2,1,Perus
189900,41,2,2,1,Perus
199000,45,2,2,1,Perus
188990,40,2,2,1,Perus
191700,41,2,2,1,Perus
199000,37,2,2,1,Perus
179000,37,2,2,1,Perus
239000,43,2,2,1,Perus
189000,37,2,2,1,Perus
199000,40,2,2,1,Perus
199000,40,2,2,1,Perus
264900,51,3,2,1,Perus
150000,50,2,2,1,Perus
195000,40,2,2,1,Perus
130000,48,2,2,1,Perus
190800,40,2,2,1,Perus
215000,42,2,2,1,Perus
1007100,65,2,2,1,Pinheiros
800000,93,2,3,2,Pinheiros
690000,51,2,2,1,Pinheiros
630000,79,3,2,1,Pinheiros
1020000,85,2,2,2,Pinheiros
786500,59,2,2,1,Pinheiros
1250000,74,1,2,2,Pinheiros
670000,62,2,2,1,Pinheiros
1080000,88,3,2,2,Pinheiros
883500,57,1,2,1,Pinheiros
319900,30,1,2,1,Pinheiros
821000,68,2,2,1,Pinheiros
522000,49,1,2,1,Pinheiros
1200000,90,2,2,2,Pinheiros
1750000,88,2,2,2,Pinheiros
1250000,158,4,3,3,Pinheiros
820000,80,3,2,1,Pinheiros
574000,42,1,2,1,Pinheiros
699000,59,2,2,2,Pinheiros
970000,78,2,2,1,Pinheiros
1590000,120,3,2,2,Pinheiros
1242696,97,3,3,2,Pinheiros
470000,65,2,2,1,Pinheiros
1044100,73,2,2,1,Pinheiros
682100,57,2,2,1,Pinheiros
736000,60,2,2,2,Pinheiros
790000,81,2,2,1,Pinheiros
942272,71,2,2,1,Pinheiros
1482000,118,3,2,2,Pinheiros
230000,43,2,2,1,Pirituba
250000,50,2,2,1,Pirituba
265000,62,2,2,1,Pirituba
318000,53,2,2,1,Pirituba
1100000,131,3,3,2,Pirituba
269000,49,2,2,1,Pirituba
600000,85,2,2,1,Pirituba
430000,66,3,2,2,Pirituba
320000,58,2,2,1,Pirituba
295000,54,2,2,1,Pirituba
675000,85,3,2,1,Pirituba
215000,43,2,2,1,Pirituba
290000,50,2,2,1,Pirituba
240000,54,2,2,1,Pirituba
189000,43,2,2,1,Pirituba
267000,44,2,2,1,Pirituba
280000,55,2,2,1,Pirituba
565000,72,3,2,2,Pirituba
235000,47,2,2,1,Pirituba
100000,55,2,2,1,Pirituba
190000,43,2,2,1,Pirituba
360000,64,3,2,1,Pirituba
269900,49,2,2,1,Pirituba
399000,66,2,2,2,Pirituba
245000,55,3,2,1,Raposo Tavares
395000,77,2,2,1,Raposo Tavares
455000,77,3,3,2,Raposo Tavares
755000,106,3,4,2,Raposo Tavares
230000,55,3,2,1,Raposo Tavares
355000,77,3,2,1,Raposo Tavares
170000,48,2,2,1,Raposo Tavares
420000,91,3,2,1,Raposo Tavares
260000,55,3,2,1,Raposo Tavares
220000,55,3,2,1,Raposo Tavares
240000,55,3,2,1,Raposo Tavares
150000,45,2,2,1,Raposo Tavares
346500,77,3,2,1,Raposo Tavares
180000,41,2,2,1,Raposo Tavares
690000,91,2,2,2,Raposo Tavares
486000,108,4,2,2,Raposo Tavares
250000,50,2,2,1,Raposo Tavares
300000,53,3,2,1,Raposo Tavares
1390000,190,4,4,3,Raposo Tavares
182900,41,2,2,1,Raposo Tavares
180000,50,2,2,1,Raposo Tavares
230000,50,2,2,1,Raposo Tavares
170000,48,2,2,1,Raposo Tavares
235000,65,3,2,1,Raposo Tavares
850000,108,5,4,2,Raposo Tavares
430000,77,3,2,2,Raposo Tavares
600000,104,3,3,2,Raposo Tavares
182550,45,2,2,1,Raposo Tavares
130000,48,2,2,2,Raposo Tavares
1750000,186,3,4,3,Rio Pequeno
230000,52,2,2,1,Rio Pequeno
750000,122,3,2,2,Rio Pequeno
1570000,186,4,5,3,Rio Pequeno
309999,56,2,2,1,Rio Pequeno
590000,72,2,2,1,Rio Pequeno
1643000,186,3,5,3,Rio Pequeno
1970000,234,4,6,3,Rio Pequeno
799000,122,2,4,2,Rio Pequeno
300000,76,3,2,1,Rio Pequeno
272000,48,2,2,1,Rio Pequeno
600000,106,3,2,2,Rio Pequeno
1850000,236,4,2,3,Rio Pequeno
1100000,183,3,4,3,Rio Pequeno
220000,63,2,2,1,Rio Pequeno
930000,135,3,3,3,Rio Pequeno
395000,76,3,2,1,Rio Pequeno
290000,52,2,2,1,Rio Pequeno
730000,116,3,3,2,Rio Pequeno
1180000,217,3,3,2,Rio Pequeno
1050000,151,3,5,2,Rio Pequeno
370000,67,2,2,2,Rio Pequeno
320000,56,2,2,1,Rio Pequeno
1250000,155,3,4,4,Rio Pequeno
795000,120,3,4,3,Rio Pequeno
299000,59,2,2,1,São Domingos
369000,59,2,2,1,São Domingos
389000,64,2,2,2,São Domingos
360000,65,3,2,1,São Domingos
450000,64,3,2,2,São Domingos
300000,46,2,2,1,São Domingos
307000,59,2,2,1,São Domingos
600000,73,3,2,2,São Domingos
299000,47,2,2,1,São Domingos
299000,59,2,2,1,São Domingos
430000,65,2,2,1,São Domingos
404000,71,3,2,2,São Domingos
334000,59,2,2,2,São Domingos
299000,59,2,2,1,São Domingos
369000,71,3,2,1,São Domingos
216641,43,2,1,1,São Domingos
489900,71,3,2,1,São Domingos
480000,65,2,2,1,São Domingos
340000,51,2,2,1,São Domingos
410000,65,3,2,1,São Domingos
369000,59,2,2,1,São Domingos
300000,87,3,2,1,São Domingos
449000,71,3,2,1,São Domingos
380000,59,2,2,1,São Domingos
445200,50,2,2,1,São Domingos
1290000,138,3,5,2,Vila Leopoldina
1050000,117,3,4,2,Vila Leopoldina
655500,69,2,2,2,Vila Leopoldina
577000,78,3,2,2,Vila Leopoldina
1340000,128,4,5,3,Vila Leopoldina
700000,75,3,2,2,Vila Leopoldina
1080000,116,4,4,3,Vila Leopoldina
690000,74,3,2,2,Vila Leopoldina
830000,86,3,3,2,Vila Leopoldina
356000,40,1,2,1,Vila Leopoldina
2200000,210,3,5,3,Vila Leopoldina
700000,79,2,2,2,Vila Leopoldina
650000,69,2,2,2,Vila Leopoldina
980000,124,3,4,2,Vila Leopoldina
685000,71,1,2,2,Vila Leopoldina
1150000,130,3,3,2,Vila Leopoldina
810000,79,2,2,2,Vila Leopoldina
520000,50,2,2,1,Vila Leopoldina
670000,78,3,3,2,Vila Leopoldina
1500000,121,3,4,2,Vila Leopoldina
1270000,117,3,3,2,Vila Leopoldina
1250000,125,3,3,2,Vila Leopoldina
367900,40,1,2,1,Vila Leopoldina
210000,34,2,1,0,Barra Funda
521859,62,2,2,1,Barra Funda
420000,76,2,1,1,Barra Funda
479000,33,1,2,1,Barra Funda
602000,66,1,2,1,Barra Funda
182900,31,1,1,0,Barra Funda
299999,41,2,1,1,Barra Funda
750000,70,3,2,1,Barra Funda
700000,83,3,2,1,Barra Funda
380000,55,1,1,0,Barra Funda
212530,34,2,1,0,Barra Funda
215000,34,1,1,0,Barra Funda
750000,67,1,2,1,Barra Funda
343990,46,2,1,1,Barra Funda
305000,41,2,1,1,Barra Funda
1600000,145,3,2,3,Barra Funda
371000,51,2,1,1,Barra Funda
220000,33,2,1,0,Barra Funda
664900,69,2,2,1,Barra Funda
328000,43,2,1,1,Barra Funda
665000,65,2,2,1,Barra Funda
1290000,162,3,2,2,Barra Funda
750000,100,3,2,2,Barra Funda
1090000,145,3,4,2,Barra Funda
660000,70,2,2,1,Barra Funda
910000,100,3,3,2,Barra Funda
859000,83,3,2,2,Barra Funda
220000,34,2,1,0,Barra Funda
310000,41,2,1,1,Barra Funda
280000,43,2,1,0,Barra Funda
500000,57,2,2,1,Barra Funda
450000,47,2,1,1,Barra Funda
320000,57,2,1,1,Barra Funda
940000,102,3,2,2,Barra Funda
530000,70,2,3,2,Barra Funda
550000,70,2,2,1,Barra Funda
699980,82,3,2,1,Barra Funda
518000,63,2,2,1,Barra Funda
435000,58,2,2,1,Barra Funda
1600000,160,3,2,2,Barra Funda
692000,115,3,2,1,Bela Vista
830000,74,2,2,1,Bela Vista
1340000,176,3,3,2,Bela Vista
1390000,190,4,4,1,Bela Vista
240000,45,1,1,0,Bela Vista
280000,41,1,1,1,Bela Vista
2100000,280,2,2,1,Bela Vista
990000,110,3,1,1,Bela Vista
960000,140,3,4,1,Bela Vista
395000,40,1,2,1,Bela Vista
545000,60,2,2,1,Bela Vista
320000,70,2,1,1,Bela Vista
550000,45,1,2,1,Bela Vista
500000,50,1,1,1,Bela Vista
400000,66,2,1,0,Bela Vista
322000,38,1,2,0,Bela Vista
680000,94,2,1,1,Bela Vista
650000,74,2,1,1,Bela Vista
380000,38,1,1,1,Bela Vista
650000,74,2,2,1,Bela Vista
745000,110,4,3,2,Bela Vista
350000,60,1,1,0,Bela Vista
1280000,156,3,2,2,Bela Vista
420000,65,2,1,0,Bela Vista
450000,38,1,1,1,Bela Vista
1200000,106,3,2,1,Bela Vista
850000,98,2,1,1,Bela Vista
430000,62,2,1,1,Bela Vista
1150000,95,2,1,1,Bela Vista
580000,60,1,2,1,Bela Vista
1500000,178,4,5,1,Bela Vista
1075000,77,2,2,2,Bela Vista
850000,90,2,2,1,Bela Vista
749000,77,1,2,1,Bela Vista
630000,74,2,1,1,Bela Vista
320000,113,3,1,1,Bela Vista
800000,66,3,2,1,Bela Vista
310000,46,1,1,0,Bela Vista
265000,35,1,1,0,Bela Vista
150000,32,1,1,0,Bela Vista
330000,42,1,2,1,Bela Vista
382000,68,1,1,0,Bela Vista
430000,42,1,1,1,Bela Vista
450000,50,2,1,1,Bela Vista
489000,53,2,1,1,Bela Vista
435000,83,2,2,0,Bela Vista
250000,46,1,1,1,Bela Vista
477000,74,2,1,1,Bela Vista
550000,43,1,2,1,Bela Vista
285000,53,2,1,0,Bela Vista
495000,70,2,1,0,Bela Vista
240000,40,1,1,0,Bela Vista
1100000,126,3,2,1,Bela Vista
1400000,159,3,2,2,Bela Vista
500000,62,2,1,1,Bela Vista
235000,35,1,1,1,Bela Vista
200000,30,1,1,0,Bela Vista
517000,48,1,1,1,Bela Vista
270000,50,2,1,0,Bela Vista
560000,61,2,1,1,Bela Vista
985000,144,3,2,1,Bela Vista
905000,107,3,3,1,Bela Vista
376000,36,1,2,1,Bela Vista
330000,59,2,1,1,Bela Vista
660000,53,1,1,1,Bela Vista
450000,98,2,1,0,Bom Retiro
360000,104,3,3,0,Bom Retiro
550000,178,3,2,1,Bom Retiro
650000,294,3,2,1,Bom Retiro
510000,137,3,1,1,Bom Retiro
368000,52,2,1,1,Bom Retiro
330000,90,2,2,0,Bom Retiro
381000,50,2,1,1,Bom Retiro
450000,129,3,2,1,Bom Retiro
380000,101,2,1,1,Bom Retiro
395000,72,3,2,1,Bom Retiro
300000,120,3,2,1,Bom Retiro
340000,70,2,1,0,Bom Retiro
370000,45,2,1,1,Bom Retiro
270000,50,1,1,0,Bom Retiro
430000,80,2,1,1,Bom Retiro
460000,57,2,2,1,Bom Retiro
250000,48,1,1,1,Bom Retiro
680000,97,3,3,2,Bom Retiro
680000,97,3,2,2,Bom Retiro
610000,69,2,2,2,Bom Retiro
420000,62,3,2,1,Bom Retiro
600000,149,3,1,0,Bom Retiro
360000,44,2,1,1,Bom Retiro
450000,67,3,2,2,Bom Retiro
730000,97,3,2,2,Bom Retiro
700000,96,2,3,2,Bom Retiro
1110000,140,3,2,2,Bom Retiro
550000,233,4,1,1,Bom Retiro
410000,58,2,2,1,Bom Retiro
395000,53,2,1,1,Bom Retiro
395000,58,2,2,2,Bom Retiro
1000000,235,4,1,1,Bom Retiro
489000,67,2,2,1,Bom Retiro
430000,98,2,1,0,Bom Retiro
205900,30,1,1,0,Bom Retiro
420000,118,3,2,0,Bom Retiro
561000,69,2,2,1,Bom Retiro
400000,118,3,1,0,Bom Retiro
400000,111,2,1,0,Bom Retiro
400000,164,3,1,1,Bom Retiro
510000,70,2,2,2,Bom Retiro
690000,140,3,1,0,Bom Retiro
445000,62,3,2,1,Bom Retiro
650000,80,2,2,0,Bom Retiro
720000,97,3,2,2,Bom Retiro
470000,48,2,1,1,Bom Retiro
300000,58,2,1,0,Bom Retiro
420000,62,3,2,1,Bom Retiro
381761,68,2,2,1,Bom Retiro
550000,69,2,2,1,Bom Retiro
540000,69,2,2,2,Bom Retiro
700000,97,3,2,2,Bom Retiro
650000,180,3,1,1,Bom Retiro
300000,50,1,1,0,Bom Retiro
410000,100,2,1,0,Bom Retiro
360000,56,1,2,1,Bom Retiro
461000,70,2,2,1,Bom Retiro
680000,97,3,2,2,Bom Retiro
870000,300,3,4,1,Bom Retiro
325000,55,2,1,1,Bom Retiro
480000,67,3,2,2,Bom Retiro
1100000,220,4,2,2,Bom Retiro
672000,96,3,2,2,Bom Retiro
450000,58,2,2,1,Bom Retiro
954000,201,3,2,1,Bom Retiro
740000,96,3,2,2,Bom Retiro
360000,47,2,1,1,Bom Retiro
350000,48,2,1,1,Bom Retiro
450000,107,3,1,1,Bom Retiro
207000,36,1,1,0,Bom Retiro
410000,109,2,1,1,Bom Retiro
800000,200,3,1,1,Bom Retiro
530000,233,3,1,1,Bom Retiro
500000,100,3,1,0,Bom Retiro
345000,62,3,2,1,Bom Retiro
290000,52,1,1,0,Bom Retiro
380000,49,2,1,1,Bom Retiro
700000,96,3,2,2,Bom Retiro
169002,44,2,1,1,Brás
169000,40,2,1,1,Brás
379000,57,2,1,1,Brás
169001,44,2,1,1,Brás
340000,57,2,1,1,Brás
280000,48,2,1,1,Brás
525000,73,3,2,1,Brás
290000,56,2,1,1,Brás
195000,45,1,1,0,Brás
185000,33,1,2,0,Brás
285000,32,1,1,1,Brás
183000,39,2,1,0,Brás
320000,53,2,1,1,Brás
276000,51,2,1,0,Brás
258000,36,1,1,1,Brás
525000,71,3,2,1,Brás
380000,50,2,1,1,Brás
383000,57,2,1,1,Brás
376600,57,2,1,1,Brás
380000,63,2,1,1,Brás
371000,62,2,1,1,Brás
238400,31,1,1,1,Brás
340000,62,3,1,1,Brás
350000,52,2,1,1,Brás
450000,100,2,2,1,Brás
169000,39,2,1,0,Brás
368000,66,2,2,0,Brás
287000,84,2,1,0,Brás
380000,46,1,1,1,Brás
362000,50,2,1,1,Brás
450000,73,2,1,1,Brás
400000,68,3,2,1,Brás
399990,40,1,2,1,Brás
380000,63,2,2,1,Brás
203780,38,2,1,0,Brás
199000,32,1,1,0,Brás
219990,33,1,1,0,Brás
259800,35,1,1,1,Brás
920368,123,3,2,2,Brás
350000,58,2,1,1,Brás
350000,48,2,1,1,Brás
228000,31,1,1,1,Brás
292000,41,1,1,0,Brás
381700,57,1,1,1,Brás
300000,50,2,1,1,Brás
620000,68,2,1,1,Consolação
335000,35,1,1,0,Consolação
477000,39,1,1,1,Consolação
500000,65,1,1,0,Consolação
405000,37,1,1,1,Consolação
400000,50,2,1,1,Consolação
1570000,135,3,2,1,Consolação
420000,64,1,2,0,Consolação
620000,85,2,1,1,Consolação
340000,48,1,2,1,Consolação
585000,49,1,1,1,Consolação
1700000,227,3,1,1,Consolação
745000,99,3,2,1,Consolação
770000,103,2,3,1,Consolação
450000,56,1,1,0,Consolação
410000,38,1,2,1,Consolação
600000,84,2,1,0,Consolação
880000,48,1,1,1,Consolação
1050000,177,4,2,2,Consolação
320000,45,2,1,0,Consolação
590000,86,3,1,1,Consolação
732000,60,1,1,1,Consolação
840000,124,2,2,1,Consolação
851063,54,1,1,1,Consolação
500000,50,1,1,1,Consolação
918550,67,1,1,1,Consolação
690000,110,2,1,1,Consolação
565000,57,2,1,0,Consolação
530000,52,1,1,1,Consolação
690000,56,1,1,2,Consolação
600000,42,1,2,1,Consolação
760000,70,2,1,0,Consolação
2000000,140,3,2,2,Consolação
395000,65,1,2,0,Consolação
380000,38,1,2,1,Consolação
294850,44,1,2,0,Consolação
850000,90,3,2,1,Consolação
400000,40,1,1,1,Consolação
500000,70,2,1,0,Consolação
780000,108,3,2,1,Consolação
364000,44,1,2,1,Consolação
305000,38,1,1,0,Consolação
750000,90,2,2,1,Consolação
490000,37,1,1,1,Consolação
845000,80,2,3,1,Consolação
430000,46,1,1,1,Consolação
680000,55,2,2,2,Consolação
4750000,306,4,5,3,Consolação
1900000,159,4,4,2,Consolação
650000,52,1,1,1,Consolação
530000,35,1,2,1,Consolação
4224000,300,2,3,2,Consolação
630000,51,1,1,1,Consolação
849000,95,1,2,2,Consolação
5000000,310,3,2,2,Consolação
742000,53,2,1,1,Consolação
595000,91,3,1,0,Consolação
1300000,75,3,2,1,Consolação
4790000,290,4,3,2,Consolação
420000,34,1,1,1,Consolação
620000,51,2,1,1,Consolação
1756000,140,3,2,2,Consolação
450000,55,1,1,0,Consolação
252000,48,2,1,1,Liberdade
280000,50,1,1,0,Liberdade
310000,50,1,1,0,Liberdade
280000,46,1,1,1,Liberdade
480000,51,2,1,1,Liberdade
606320,65,2,2,1,Liberdade
270000,55,2,1,0,Liberdade
226000,35,1,1,0,Liberdade
690000,75,3,2,2,Liberdade
350000,55,3,2,1,Liberdade
430000,38,1,1,1,Liberdade
320000,56,1,1,1,Liberdade
750000,68,2,2,1,Liberdade
189000,37,2,1,0,Liberdade
795000,75,3,1,2,Liberdade
300000,45,2,2,1,Liberdade
265000,36,1,1,0,Liberdade
525000,33,1,2,1,Liberdade
489000,38,1,1,1,Liberdade
281748,38,1,1,1,Liberdade
300000,45,2,1,1,Liberdade
1150000,96,2,2,3,Liberdade
240000,55,1,1,0,Liberdade
750000,78,2,1,1,Liberdade
189001,37,2,1,0,Liberdade
1200000,200,3,2,2,Liberdade
287000,53,2,2,1,Liberdade
795000,74,3,1,2,Liberdade
690000,100,3,2,1,Liberdade
209622,38,1,2,1,Liberdade
460000,42,1,1,1,Liberdade
280000,45,2,1,1,Liberdade
593600,115,3,1,1,Liberdade
291500,46,2,1,1,Liberdade
199000,35,1,1,1,Liberdade
265000,36,1,1,1,Liberdade
280000,31,1,1,1,Liberdade
629000,125,3,1,1,Liberdade
780000,100,3,2,2,Liberdade
855000,121,3,3,1,Liberdade
500000,48,2,1,1,Liberdade
340000,64,2,1,0,Liberdade
430000,53,2,1,1,Liberdade
324900,45,1,2,1,Liberdade
430000,45,1,1,1,Liberdade
515000,65,2,2,1,Liberdade
508800,57,2,2,1,Liberdade
353500,59,3,1,1,Liberdade
563000,70,2,2,1,Liberdade
310000,55,3,2,1,Liberdade
340000,44,2,1,1,Liberdade
500530,55,3,2,1,Liberdade
410000,45,2,1,0,Liberdade
199000,42,2,1,1,Pari
325000,62,3,2,1,Pari
695000,95,3,2,2,Pari
380000,61,2,2,1,Pari
485000,66,2,2,2,Pari
450000,62,3,1,1,Pari
661000,95,3,2,2,Pari
570000,65,2,2,2,Pari
660500,95,3,2,2,Pari
400000,65,2,2,1,Pari
329000,62,3,2,1,Pari
530000,65,2,2,2,Pari
599000,75,3,2,1,Pari
380000,70,3,1,1,Pari
370000,51,2,1,1,Pari
790000,130,3,2,1,Pari
240000,30,1,2,1,República
235000,30,1,1,0,República
1000000,220,3,2,1,República
1180000,171,2,2,1,República
419500,48,1,1,1,República
349500,34,1,1,1,República
290000,57,1,1,0,República
520000,45,1,1,1,República
449000,48,1,1,1,República
336000,36,1,1,1,República
210000,57,1,1,0,República
1250000,180,3,2,1,República
420000,48,1,1,0,República
332100,30,1,1,0,República
2400000,395,3,2,1,República
475000,93,3,1,0,República
520000,78,2,2,1,República
415000,48,2,1,0,República
2000000,177,3,2,1,República
1690000,310,3,2,1,República
600000,94,2,1,0,República
370000,65,1,1,0,República
310000,47,1,1,0,República
1020000,300,4,3,2,República
459700,39,1,2,0,República
1150000,105,3,1,1,República
950000,167,3,2,1,República
1180000,129,3,3,2,República
640000,105,3,1,1,República
330001,45,1,1,0,República
42000,48,1,1,1,República
450000,128,2,1,1,República
265000,37,1,1,0,República
300344,36,1,1,0,República
900000,192,3,2,1,República
430000,64,1,2,0,República
419900,48,1,1,0,República
245000,37,1,1,1,República
399000,55,1,1,1,República
780000,130,2,2,1,República
401100,40,1,2,1,República
385000,54,1,1,0,República
550000,76,2,2,1,República
265000,42,1,1,0,República
190000,30,1,1,0,República
490000,78,2,2,1,República
1530000,266,3,2,2,República
344840,35,1,1,1,República
417000,50,1,1,1,República
1300000,177,4,1,1,República
2500000,350,3,1,2,República
317900,36,1,2,1,Santa Cecília
2100000,155,4,3,3,Santa Cecília
695000,98,2,3,1,Santa Cecília
350000,40,1,1,1,Santa Cecília
1200000,94,2,2,1,Santa Cecília
510000,50,2,1,1,Santa Cecília
425000,63,2,2,1,Santa Cecília
355000,41,1,2,1,Santa Cecília
360000,33,1,1,1,Santa Cecília
630000,68,2,1,0,Santa Cecília
375000,42,1,2,1,Santa Cecília
400000,70,2,1,0,Santa Cecília
680000,87,2,1,1,Santa Cecília
550000,111,2,1,0,Santa Cecília
500000,87,2,1,1,Santa Cecília
750000,87,3,2,1,Santa Cecília
630000,116,2,2,1,Santa Cecília
585000,55,2,2,1,Santa Cecília
495000,87,2,1,1,Santa Cecília
400000,87,2,1,1,Santa Cecília
460000,33,1,2,1,Santa Cecília
1811498,160,2,2,2,Santa Cecília
350000,65,1,1,0,Santa Cecília
1927626,213,2,3,2,Santa Cecília
420000,58,1,1,0,Santa Cecília
2100000,255,3,2,2,Santa Cecília
470000,59,2,2,1,Santa Cecília
800000,100,3,2,1,Santa Cecília
290000,36,1,1,0,Santa Cecília
890000,203,3,4,1,Santa Cecília
469900,77,2,1,1,Santa Cecília
550000,45,1,1,1,Santa Cecília
1200000,134,3,2,1,Santa Cecília
530000,43,2,1,1,Santa Cecília
1150000,130,3,1,1,Santa Cecília
1040000,101,2,1,1,Santa Cecília
331500,36,1,1,1,Santa Cecília
640000,100,3,1,1,Santa Cecília
600000,48,2,1,1,Santa Cecília
750000,108,3,1,1,Santa Cecília
324900,40,1,2,1,Santa Cecília
350000,66,2,1,0,Santa Cecília
285700,36,1,1,0,Santa Cecília
1280000,148,3,2,1,Santa Cecília
189000,37,2,1,0,Sé
250000,38,1,1,1,Sé
269900,62,2,1,0,Sé
270000,35,1,1,0,Sé
280000,30,2,1,0,Sé
350000,87,2,1,0,Sé
280000,34,1,1,1,Sé
354000,59,3,2,1,Sé
305000,50,2,1,1,Sé
700000,70,2,1,1,Sé
190000,45,1,1,0,Sé
240000,45,1,1,0,Sé
335000,105,3,1,0,Sé
300000,38,1,1,0,Sé
241000,48,1,1,0,Sé
180000,42,1,1,0,Sé
300000,51,2,2,1,Sé
380000,44,1,1,1,Sé
160000,42,1,1,1,Sé
185000,38,1,1,1,Sé
234000,32,1,2,1,Sé
270000,75,1,1,0,Sé
555000,70,2,2,1,Sé
280000,58,1,1,0,Sé
298900,52,2,1,1,Sé
350000,50,2,1,1,Sé
330000,37,1,1,1,Sé
230000,54,2,2,0,Sé
350000,76,1,2,1,Sé
350000,50,2,1,1,Sé
240000,32,1,1,1,Sé
250000,80,2,1,0,Sé
409990,80,2,2,1,Sé
222600,50,2,1,1,Sé
243800,43,1,1,1,Sé
240000,45,1,1,0,Sé
180000,48,1,1,0,Sé
270000,70,1,1,0,Sé
230000,60,1,1,0,Sé
293000,54,2,2,0,Sé
350000,67,1,1,0,Sé
585000,74,2,2,1,Casa Verde
305000,60,2,1,1,Casa Verde
325000,60,2,1,1,Casa Verde
560000,90,3,2,2,Casa Verde
679900,93,3,2,2,Casa Verde
739500,93,3,2,2,Casa Verde
565000,64,2,2,1,Casa Verde
551190,67,2,2,1,Casa Verde
586000,98,3,3,1,Casa Verde
345000,52,2,1,1,Casa Verde
638000,65,2,2,2,Casa Verde
550000,63,2,2,2,Casa Verde
647000,75,2,2,2,Casa Verde
3490000,505,4,5,4,Casa Verde
780000,88,3,2,2,Casa Verde
500000,90,3,2,1,Casa Verde
389900,53,2,2,1,Casa Verde
500000,65,2,2,1,Casa Verde
680000,80,3,3,2,Casa Verde
480000,65,2,2,2,Casa Verde
630000,94,3,2,2,Casa Verde
610000,65,2,2,2,Casa Verde
360000,82,3,2,2,Casa Verde
440000,47,2,1,1,Casa Verde
680000,90,3,2,2,Casa Verde
645000,65,2,1,1,Casa Verde
425000,82,3,2,2,Casa Verde
630000,65,2,2,2,Casa Verde
530000,74,2,2,1,Casa Verde
334999,49,2,1,1,Casa Verde
1325000,134,3,4,2,Casa Verde
550000,95,3,2,1,Casa Verde
387500,53,2,2,1,Casa Verde
728000,93,3,2,1,Casa Verde
360000,78,3,2,1,Casa Verde
1430000,132,3,4,2,Casa Verde
680000,88,3,2,1,Casa Verde
550000,98,3,2,1,Casa Verde
540000,64,3,2,2,Casa Verde
169100,50,2,1,1,Casa Verde
600000,65,2,2,1,Casa Verde
540000,96,3,3,1,Casa Verde
240000,45,2,1,0,Casa Verde
370000,68,2,1,1,Casa Verde
520000,65,2,2,1,Casa Verde
489500,98,2,2,1,Casa Verde
177200,42,2,1,0,Casa Verde
500000,83,3,2,2,Casa Verde
352900,47,2,2,1,Casa Verde
675000,67,2,2,1,Casa Verde
320000,56,3,1,1,Casa Verde
360000,70,2,1,1,Casa Verde
460000,66,2,2,2,Casa Verde
810000,120,3,2,3,Casa Verde
450000,64,2,2,2,Casa Verde
580000,76,3,2,2,Casa Verde
380000,53,2,2,1,Casa Verde
508000,90,3,2,2,Casa Verde
345000,64,1,2,1,Casa Verde
450000,59,2,1,1,Casa Verde
540000,65,3,2,1,Casa Verde
780000,88,3,2,2,Casa Verde
700000,92,3,2,2,Casa Verde
222000,44,2,1,1,Jaçanã
428940,58,3,2,1,Jaçanã
160000,35,1,1,1,Jaçanã
220000,45,2,1,1,Jaçanã
235500,48,2,1,1,Jaçanã
236000,42,2,1,1,Jaçanã
266045,45,2,1,1,Jaçanã
300000,52,2,1,1,Jaçanã
260000,78,2,1,1,Jaçanã
320000,95,3,1,2,Jaçanã
345000,67,3,2,1,Jaçanã
283454,45,2,1,1,Jaçanã
380000,96,3,1,1,Jaçanã
330500,59,3,2,1,Jaçanã
304968,59,3,2,1,Jaçanã
341000,75,2,1,2,Jaçanã
335200,59,3,2,1,Jaçanã
235000,45,2,1,1,Jaçanã
281161,45,2,1,1,Jaçanã
310000,54,2,2,1,Jaçanã
350000,74,3,1,1,Jaçanã
360000,60,3,2,2,Jaçanã
152500,34,1,1,0,Jaçanã
213817,45,2,1,1,Jaçanã
290000,53,2,2,1,Jaçanã
380000,77,3,2,1,Jaçanã
274000,45,2,1,1,Jaçanã
360000,60,2,2,2,Jaçanã
464500,67,2,1,1,Jaçanã
234900,47,2,1,1,Jaçanã
150000,40,1,1,1,Jaçanã
279000,45,2,1,1,Jaçanã
468000,68,2,2,1,Jaçanã
270000,55,2,1,1,Jaçanã
282500,48,3,1,1,Jaçanã
295500,59,3,2,1,Jaçanã
335000,72,3,1,1,Jaçanã
329000,50,2,2,1,Jaçanã
249900,54,2,2,1,Jaçanã
260000,74,2,1,1,Jaçanã
280000,78,2,1,1,Jaçanã
232000,48,3,1,1,Jaçanã
260000,78,2,1,1,Jaçanã
330000,75,3,1,1,Mandaqui
430000,68,3,2,1,Mandaqui
775000,105,3,2,2,Mandaqui
550000,80,3,2,3,Mandaqui
990000,123,3,2,2,Mandaqui
426000,82,3,1,1,Mandaqui
394000,70,3,2,1,Mandaqui
1100000,136,3,4,2,Mandaqui
280000,50,2,1,1,Mandaqui
860000,95,3,2,3,Mandaqui
510000,85,3,2,2,Mandaqui
450000,80,3,2,2,Mandaqui
300000,53,2,1,1,Mandaqui
398000,68,3,2,2,Mandaqui
890000,120,3,4,3,Mandaqui
750000,91,3,2,2,Mandaqui
420000,72,2,2,1,Mandaqui
810000,118,3,1,1,Mandaqui
215000,40,1,2,1,Mandaqui
445000,65,2,1,1,Mandaqui
790000,110,3,2,2,Mandaqui
340000,57,2,2,1,Mandaqui
900000,147,3,2,2,Mandaqui
882000,92,3,2,2,Mandaqui
475000,62,3,2,1,Mandaqui
495000,70,2,2,1,Mandaqui
430000,67,2,2,1,Mandaqui
570000,82,3,2,2,Mandaqui
798000,126,3,4,3,Mandaqui
640000,95,3,2,2,Mandaqui
430000,82,2,1,1,Mandaqui
460000,69,2,2,2,Mandaqui
940000,121,3,2,2,Mandaqui
424900,64,2,2,1,Mandaqui
980000,142,3,4,2,Mandaqui
760000,122,3,2,2,Mandaqui
850000,118,3,2,2,Mandaqui
360000,60,2,2,1,Mandaqui
360000,55,2,1,1,Mandaqui
1900000,260,4,5,5,Mandaqui
630000,82,3,3,2,Mandaqui
2130000,130,3,2,1,Itaim Bibi
3600000,185,3,4,3,Itaim Bibi
1970000,162,4,2,2,Itaim Bibi
1800000,135,3,3,2,Itaim Bibi
1100000,54,1,2,1,Itaim Bibi
6900000,321,3,4,5,Itaim Bibi
5900000,540,4,3,4,Itaim Bibi
649000,84,2,2,1,Itaim Bibi
830000,48,1,2,1,Itaim Bibi
2730000,146,3,4,2,Itaim Bibi
1450000,62,1,2,1,Itaim Bibi
2300000,100,2,3,2,Itaim Bibi
1200000,168,3,2,1,Itaim Bibi
700000,52,1,2,1,Itaim Bibi
963000,96,3,2,1,Itaim Bibi
1550000,182,4,2,2,Itaim Bibi
2890000,151,3,4,3,Itaim Bibi
690000,70,2,1,0,Itaim Bibi
2880000,240,4,4,3,Itaim Bibi
620000,83,2,1,0,Itaim Bibi
1200000,98,3,2,1,Itaim Bibi
900000,83,2,1,1,Itaim Bibi
1300000,67,2,2,2,Itaim Bibi
1800000,130,3,2,2,Itaim Bibi
4400000,343,4,5,4,Jardim Paulista
4240000,297,4,4,3,Jardim Paulista
880000,122,3,2,1,Jardim Paulista
1255000,100,3,2,1,Jardim Paulista
2550000,193,4,3,2,Jardim Paulista
2160000,155,3,3,2,Jardim Paulista
950000,103,3,1,1,Jardim Paulista
1630000,134,3,2,1,Jardim Paulista
3200000,210,4,3,3,Jardim Paulista
1100000,145,3,3,1,Jardim Paulista
1290000,150,3,2,1,Jardim Paulista
970000,98,2,1,1,Jardim Paulista
650000,112,2,1,1,Jardim Paulista
1350000,125,3,2,2,Jardim Paulista
2000000,163,3,2,1,Jardim Paulista
500000,38,1,1,1,Jardim Paulista
915000,130,3,2,1,Jardim Paulista
7500000,415,4,5,5,Jardim Paulista
750000,55,2,2,2,Jardim Paulista
1630000,130,3,2,1,Jardim Paulista
1590000,181,3,2,1,Jardim Paulista
650000,140,3,2,1,Jardim Paulista
1600000,145,3,1,1,Jardim Paulista
2590000,193,3,4,2,Jardim Paulista
1350000,113,3,2,1,Jardim Paulista
3180000,190,3,2,2,Jardim Paulista
2470000,159,3,4,2,Jardim Paulista
1900000,239,5,4,1,Jardim Paulista
650000,50,2,1,1,Jardim Paulista
3400000,286,4,2,3,Jardim Paulista
900000,100,2,1,1,Jardim Paulista
890000,84,2,2,1,Jardim Paulista
690000,46,1,1,1,Jardim Paulista
1220000,100,3,2,1,Jardim Paulista
4600000,348,4,5,4,Jardim Paulista
2550000,193,3,2,2,Jardim Paulista
1270000,107,3,2,2,Jardim Paulista
1060000,93,2,1,1,Jardim Paulista
1600000,150,3,2,2,Jardim Paulista
851000,45,1,1,1,Jardim Paulista
650000,80,2,2,1,Moema
720000,75,2,1,1,Moema
1350000,104,3,2,2,Moema
460000,55,1,1,1,Moema
2300000,160,3,4,3,Moema
1289000,143,4,4,2,Moema
3500000,221,3,4,4,Moema
609000,74,2,1,1,Moema
4950000,226,4,5,4,Moema
440000,43,1,1,1,Moema
2800000,173,3,4,3,Moema
3022000,183,4,3,4,Moema
1050000,135,3,2,1,Moema
1780000,130,3,4,2,Moema
2990000,189,4,4,4,Moema
3800000,230,4,5,4,Moema
1550000,140,4,4,2,Moema
5600000,316,4,5,5,Moema
2067000,125,3,2,2,Moema
5750000,306,4,5,5,Moema
730000,86,2,1,1,Moema
700000,70,2,2,1,Moema
650000,70,2,3,1,Moema
330000,32,1,1,1,Moema
2950000,172,2,3,3,Moema
680000,87,3,2,1,Moema
980000,100,3,4,2,Moema
990000,125,3,2,2,Moema
1150000,110,3,2,2,Moema
890000,80,2,2,2,Moema
920000,100,2,1,1,Moema
2120000,114,2,2,2,Moema
430000,42,1,2,1,Moema
3770000,257,3,4,4,Moema
500000,42,1,1,1,Moema
3119960,172,4,3,3,Moema
1800000,172,4,4,2,Moema
1500000,142,4,3,3,Moema
1250000,142,3,2,2,Moema
500000,55,1,1,1,Moema
440000,47,1,1,1,Moema
1150000,145,2,2,1,Moema
2590000,165,4,3,4,Moema
1300000,139,3,2,2,Moema
1600000,144,2,3,2,Moema
1345000,146,3,2,1,Moema
1890000,208,4,4,5,Moema
1030000,120,3,2,2,Moema
710000,70,2,2,1,Moema
1272000,100,3,2,1,Moema
850000,86,2,3,1,Moema
1350000,110,3,2,2,Moema
390000,45,1,1,1,Moema
829000,90,3,2,1,Moema
700000,78,3,2,1,Moema
740000,80,2,2,1,Moema
760000,78,2,2,1,Moema
900000,80,2,1,1,Moema
636000,60,2,2,1,Moema
2500000,220,4,4,4,Moema
1700000,124,4,4,2,Moema
700000,78,3,2,1,Moema
6000000,288,3,4,5,Moema
2650000,173,2,3,3,Moema
2890000,182,4,4,4,Moema
1050000,105,3,2,2,Moema
3600000,181,3,4,3,Moema
6950000,302,4,5,5,Moema
4000000,298,4,5,5,Moema
960000,73,1,2,2,Moema
2149000,158,3,4,3,Moema
500000,45,1,1,1,Moema
3200000,255,4,5,4,Moema
440000,45,1,1,1,Moema
1250000,142,3,2,2,Moema
500000,50,1,2,1,Moema
3500000,214,3,4,4,Moema
1150000,150,3,2,2,Moema
440000,45,1,1,1,Moema
3200000,173,3,4,3,Moema
650000,88,2,1,1,Moema
700000,76,2,2,1,Moema
1640000,154,3,2,2,Moema
425000,40,1,1,1,Moema
2150000,127,3,2,2,Moema
6800000,286,4,5,4,Alto de Pinheiros
1650000,143,3,4,3,Alto de Pinheiros
954000,106,3,2,2,Alto de Pinheiros
945000,106,3,2,2,Alto de Pinheiros
1580000,165,3,2,2,Alto de Pinheiros
820000,78,3,2,2,Alto de Pinheiros
3200000,167,3,4,2,Alto de Pinheiros
750000,80,2,2,1,Alto de Pinheiros
580000,34,1,1,1,Alto de Pinheiros
950000,106,3,2,2,Alto de Pinheiros
2000000,205,3,2,3,Alto de Pinheiros
2200000,205,3,2,3,Alto de Pinheiros
4450000,286,4,5,4,Alto de Pinheiros
1500000,120,3,2,2,Alto de Pinheiros
2200000,180,3,2,3,Alto de Pinheiros
530000,49,2,1,1,Alto de Pinheiros
550000,63,2,1,1,Alto de Pinheiros
375000,63,2,1,1,Alto de Pinheiros
970000,105,3,2,2,Alto de Pinheiros
1290000,120,3,2,3,Alto de Pinheiros
3800000,280,4,4,4,Alto de Pinheiros
690000,90,3,1,1,Alto de Pinheiros
3850000,620,4,5,5,Alto de Pinheiros
1126300,92,3,2,1,Alto de Pinheiros
1100000,124,3,2,2,Alto de Pinheiros
980000,103,3,2,2,Alto de Pinheiros
940000,100,3,1,2,Alto de Pinheiros
439493,56,2,1,2,Alto de Pinheiros
2800000,200,2,1,2,Alto de Pinheiros
1300000,114,3,2,3,Alto de Pinheiros
1400000,128,2,2,3,Alto de Pinheiros
5500000,359,4,5,5,Alto de Pinheiros
1300000,125,3,2,2,Alto de Pinheiros
900000,90,2,3,1,Alto de Pinheiros
2916530,225,3,4,3,Alto de Pinheiros
1400000,156,3,2,2,Alto de Pinheiros
435000,49,2,1,1,Alto de Pinheiros
970000,83,2,3,2,Alto de Pinheiros
1700000,125,3,2,2,Alto de Pinheiros
1372910,125,3,4,3,Alto de Pinheiros
980000,104,3,2,1,Alto de Pinheiros
7521000,377,6,7,4,Alto de Pinheiros
7000000,400,4,5,5,Alto de Pinheiros
1290000,165,3,2,2,Alto de Pinheiros
555700,30,1,1,1,Alto de Pinheiros
850000,107,3,2,2,Alto de Pinheiros
2600000,184,3,2,3,Alto de Pinheiros
2200000,194,3,4,2,Alto de Pinheiros
3400000,273,4,5,3,Alto de Pinheiros
6500000,319,3,4,4,Alto de Pinheiros
1950000,222,4,5,3,Alto de Pinheiros
7200000,387,4,5,4,Alto de Pinheiros
779000,93,2,3,2,Alto de Pinheiros
1580000,143,3,4,3,Alto de Pinheiros
5500000,253,4,5,4,Alto de Pinheiros
480000,76,3,2,1,Alto de Pinheiros
1100000,83,2,2,1,Alto de Pinheiros
1285000,165,3,2,2,Alto de Pinheiros
1100000,122,3,2,2,Alto de Pinheiros
850000,120,3,2,1,Perdizes
799000,124,3,3,1,Perdizes
950000,105,3,2,2,Perdizes
3800000,258,4,5,4,Perdizes
570000,40,1,2,1,Perdizes
960000,90,3,2,2,Perdizes
564750,63,2,2,1,Perdizes
1020000,105,3,2,3,Perdizes
535000,58,2,1,1,Perdizes
710000,72,3,2,1,Perdizes
530000,80,2,1,0,Perdizes
960000,134,3,2,1,Perdizes
640000,90,3,2,1,Perdizes
901000,98,3,3,2,Perdizes
1500000,128,4,4,2,Perdizes
700000,73,2,2,1,Perdizes
585000,69,2,1,1,Perdizes
380000,62,1,2,1,Perdizes
1000000,170,3,4,3,Perdizes
615000,88,3,2,1,Perdizes
750000,83,2,2,1,Perdizes
895000,110,3,2,1,Perdizes
2000000,220,3,4,3,Perdizes
1590000,246,4,3,4,Perdizes
668000,86,3,1,1,Perdizes
1250000,142,3,3,2,Perdizes
2450000,226,4,4,3,Perdizes
648800,80,3,1,1,Perdizes
792000,105,3,2,2,Perdizes
415000,55,2,1,0,Perdizes
575000,91,2,2,2,Perdizes
425000,64,2,1,0,Perdizes
560000,72,2,2,1,Perdizes
415000,30,1,2,1,Perdizes
2100000,157,4,5,2,Perdizes
750000,98,3,2,1,Perdizes
700000,89,2,1,1,Perdizes
740000,72,3,2,2,Perdizes
600000,50,2,2,1,Perdizes
849800,103,3,2,2,Perdizes
780000,95,3,2,2,Perdizes
1380000,174,4,3,3,Perdizes
2590000,209,4,3,5,Perdizes
5500000,307,4,5,7,Perdizes
790000,102,3,2,1,Perdizes
1180000,145,4,5,2,Perdizes
3192000,224,3,4,4,Perdizes
1000000,125,3,2,1,Perdizes
700000,80,3,2,1,Perdizes
5320000,270,3,4,4,Perdizes
1450000,170,4,3,2,Perdizes
900000,140,3,2,2,Perdizes
755000,80,3,1,1,Perdizes
2550000,240,4,3,3,Perdizes
999000,86,3,2,2,Perdizes
850000,112,3,1,1,Perdizes
1160000,131,3,2,1,Perdizes
1200000,83,2,2,2,Perdizes
1360000,170,3,2,2,Perdizes
1330000,155,4,2,3,Perdizes
1500000,156,3,2,2,Perdizes
420000,55,2,1,1,Perdizes
798000,84,2,1,1,Pinheiros
379000,68,1,2,0,Pinheiros
840000,96,2,1,1,Pinheiros
599000,75,1,2,1,Pinheiros
900000,72,2,2,1,Pinheiros
630000,51,2,1,1,Pinheiros
790000,103,2,2,1,Pinheiros
705000,51,2,1,1,Pinheiros
590000,48,1,2,1,Pinheiros
850000,68,2,3,2,Pinheiros
700000,80,2,1,1,Pinheiros
689000,80,2,1,1,Pinheiros
505000,39,1,1,1,Pinheiros
510000,39,1,1,1,Pinheiros
690000,93,3,1,1,Pinheiros
524799,35,1,1,1,Pinheiros
900000,117,3,2,1,Pinheiros
265999,31,1,1,0,Pinheiros
1982000,160,4,4,2,Pinheiros
1500000,70,2,1,1,Pinheiros
425000,41,1,1,1,Pinheiros
629000,50,2,2,1,Pinheiros
2650000,191,4,5,4,Pinheiros
980000,125,1,2,2,Pinheiros
730000,83,2,1,1,Pinheiros
730000,78,2,1,1,Pinheiros
1200000,94,3,2,2,Pinheiros
650000,67,2,1,1,Pinheiros
1550000,110,2,2,2,Pinheiros
450000,57,1,1,1,Pinheiros
420000,60,2,1,1,Pinheiros
498000,42,1,1,1,Pinheiros
650000,52,1,2,1,Pinheiros
650000,48,2,2,1,Pinheiros
760000,113,2,1,1,Pinheiros
812500,65,2,2,1,Pinheiros
660000,70,2,1,1,Pinheiros
650000,74,2,1,1,Pinheiros
430000,45,1,1,1,Pinheiros
1900000,250,3,3,2,Pinheiros
1600000,120,3,2,2,Pinheiros
700000,76,2,2,1,Pinheiros
840000,107,3,2,1,Pinheiros
970000,94,3,2,2,Pinheiros
925000,92,2,2,1,Pinheiros
688000,73,2,1,1,Pinheiros
700000,83,3,1,0,Pinheiros
3190000,211,4,3,3,Pinheiros
750000,78,2,1,1,Pinheiros
1379000,102,3,3,2,Vila Madalena
930000,66,2,2,1,Vila Madalena
1410000,93,3,3,2,Vila Madalena
1491000,88,3,2,2,Vila Madalena
850000,70,2,2,1,Vila Madalena
630000,64,1,2,1,Vila Madalena
1220000,89,2,3,2,Vila Madalena
599000,63,1,2,1,Vila Madalena
570000,65,3,2,1,Vila Madalena
1476000,82,2,2,2,Vila Madalena
925000,112,2,2,1,Vila Madalena
550000,63,1,2,1,Vila Madalena
637500,85,3,2,2,Mooca
680000,83,2,2,1,Mooca
441000,70,2,2,2,Mooca
550000,79,2,2,1,Mooca
690000,85,3,2,2,Mooca
660000,85,3,3,1,Mooca
499000,70,2,2,2,Mooca
511000,70,2,2,2,Mooca
220000,70,2,2,1,Mooca
810000,110,3,4,2,Mooca
600000,82,3,2,1,Mooca
299000,54,2,2,1,Mooca
525000,70,2,2,2,Mooca
670000,71,3,2,2,Brooklin
795000,75,2,3,2,Brooklin
1440000,134,3,4,3,Brooklin
1400000,119,3,4,2,Brooklin
1350000,110,3,2,4,Brooklin
635000,55,2,2,1,Brooklin
1300000,131,3,4,2,Brooklin
1650000,161,3,5,3,Brooklin
1520000,127,3,4,2,Brooklin
1080000,124,3,5,2,Brooklin
2450000,162,2,5,3,Brooklin
1480000,111,3,3,2,Brooklin
1290000,83,2,3,2,Brooklin
1410000,125,3,4,2,Brooklin
1290000,83,1,2,2,Brooklin
542000,60,2,2,1,Brooklin
1240000,106,3,4,2,Brooklin
590000,45,1,2,1,Vila Olimpia
753000,46,2,2,1,Vila Olimpia
560000,35,1,2,1,Vila Olimpia
2600000,206,4,1,3,Vila Olimpia
1443998,84,2,3,2,Vila Olimpia
690000,43,1,2,1,Vila Olimpia
1312150,85,2,1,2,Vila Olimpia
1176588,82,3,3,1,Vila Olimpia
550000,45,1,2,1,Vila Olimpia
1079000,80,3,2,2,Vila Olimpia
1100000,115,3,2,2,Vila Olimpia
200000,40,2,2,1,Mooca
950000,110,3,2,3,Mooca
580000,68,3,2,1,Mooca
850000,109,3,2,2,Mooca
503500,65,3,2,1,Mooca
299000,48,2,1,1,Mooca
320000,57,2,2,1,Mooca
430000,74,2,2,1,Mooca
625000,73,3,2,2,Mooca
340000,68,2,1,1,Mooca
1310000,178,4,4,3,Mooca
479000,70,3,2,1,Mooca
330000,65,2,1,1,Mooca
1020000,122,3,2,2,Mooca
530000,85,3,2,1,Mooca
392500,59,1,1,1,Brooklin
1280000,140,4,2,2,Brooklin
428000,56,2,1,1,Brooklin
1280000,136,3,2,3,Brooklin
1010000,95,1,2,1,Brooklin
460262,36,1,1,1,Brooklin
1510000,158,4,4,3,Brooklin
1190000,130,2,3,3,Brooklin
1450000,225,4,4,3,Brooklin
369000,35,1,1,1,Brooklin
650000,65,2,2,1,Brooklin
1200000,121,4,2,3,Brooklin
1090000,97,3,3,1,Brooklin
1400000,108,2,2,2,Brooklin
2200000,315,4,5,4,Brooklin
454377,67,2,2,1,Barra Funda
449997,67,2,2,1,Barra Funda
540000,69,2,2,1,Barra Funda
929900,94,2,3,2,Barra Funda
528000,51,1,2,1,Barra Funda
498000,69,2,2,1,Barra Funda
480000,58,2,2,1,Barra Funda
720000,100,3,3,2,Barra Funda
720000,100,3,3,2,Barra Funda
850000,70,2,2,2,Barra Funda
1350000,160,4,5,2,Barra Funda
531900,83,3,2,2,Barra Funda
330000,78,2,2,1,Barra Funda
580172,83,2,2,1,Barra Funda
458000,62,2,2,1,Barra Funda
878700,112,3,3,3,Barra Funda
800000,106,3,3,1,Bela Vista
480000,49,1,2,1,Bela Vista
1000000,103,2,3,2,Bela Vista
1050000,138,3,2,1,Bela Vista
610000,66,2,2,1,Bela Vista
690000,80,2,2,1,Bela Vista
513260,41,1,2,1,Bela Vista
217000,30,1,2,1,Bom Retiro
456000,58,2,2,1,Bom Retiro
740000,96,3,3,2,Bom Retiro
350000,61,3,2,1,Bom Retiro
390000,129,3,3,1,Bom Retiro
340000,70,2,2,1,Bom Retiro
456000,67,2,2,1,Bom Retiro
422000,72,3,2,2,Brás
262000,40,1,2,1,Brás
290000,46,1,2,1,Brás
280000,48,2,2,1,Brás
320000,61,2,2,1,Brás
488400,72,3,2,1,Brás
318000,42,1,2,1,Consolação
1250000,70,2,2,1,Consolação
1800000,120,2,4,1,Consolação
486463,45,2,2,1,Consolação
1630000,129,4,5,2,Consolação
714000,67,2,2,1,Consolação
395000,40,1,2,1,Consolação
880000,95,1,2,2,Consolação
458000,84,2,3,1,Liberdade
320000,50,1,2,1,Liberdade
269000,38,1,2,1,Liberdade
350000,58,2,2,1,Liberdade
220000,41,1,2,1,Liberdade
520490,65,2,2,1,Liberdade
199000,37,2,2,1,Liberdade
350000,59,3,2,1,Liberdade
330000,62,3,2,1,Pari
885000,135,3,4,2,Pari
374400,59,3,3,2,Pari
1500000,192,3,5,3,Pari
380000,39,1,2,1,República
403100,40,1,2,1,República
1299995,210,4,3,2,República
650000,113,4,3,1,República
265000,50,2,2,1,República
360000,35,1,2,1,República
410000,37,1,2,1,República
340000,71,2,2,1,República
400000,42,1,2,1,Santa Cecília
195000,55,1,2,1,Santa Cecília
520000,58,1,2,1,Santa Cecília
1399290,126,3,3,2,Santa Cecília
670000,59,2,2,1,Santa Cecília
277000,36,1,2,1,Santa Cecília
2150000,339,4,3,1,Santa Cecília
1450000,130,3,3,2,Santa Cecília
668000,74,2,2,1,Sé
493000,68,2,2,1,Sé
275000,50,2,2,1,Sé
740000,104,2,2,1,Sé
710600,150,4,3,2,Sé
489900,79,3,2,2,Sé
360000,53,2,2,1,Casa Verde
265000,49,2,2,1,Casa Verde
499000,74,2,2,1,Casa Verde
460000,53,2,2,1,Casa Verde
650000,71,2,2,2,Casa Verde
444400,68,1,2,1,Casa Verde
490000,90,3,2,1,Casa Verde
430000,49,1,2,1,Casa Verde
320000,66,2,2,2,Casa Verde
248015,47,2,2,1,Jaçanã
275000,45,2,2,1,Jaçanã
245000,47,2,2,1,Jaçanã
350000,66,3,2,1,Jaçanã
283454,45,2,2,1,Jaçanã
290000,70,2,2,1,Jaçanã
313500,50,2,2,1,Jaçanã
355000,68,3,2,1,Jaçanã
259000,52,2,2,1,Jaçanã
259000,52,2,2,1,Mandaqui
425000,88,3,2,2,Mandaqui
630000,82,3,2,2,Mandaqui
310000,54,2,2,1,Mandaqui
655000,83,3,3,2,Mandaqui
970000,122,3,2,2,Mandaqui
700000,100,2,2,1,Mandaqui
600000,110,3,3,2,Santana
930000,92,2,3,2,Santana
732000,126,3,2,2,Santana
940000,126,3,5,3,Santana
1650000,230,4,4,4,Santana
790000,83,3,3,3,Santana
900000,160,3,3,2,Santana
1700000,220,4,6,5,Santana
414000,64,2,2,1,Santana
455758,64,2,2,1,Santana
750000,95,3,3,2,Santana
1300000,130,3,5,3,Santana
655000,110,3,3,2,Santana
235000,51,2,2,1,Tremembé
350000,50,2,2,1,Tremembé
850000,106,3,2,2,Tremembé
455000,67,2,2,1,Tucuruvi
368000,88,2,2,1,Tucuruvi
350000,55,2,2,1,Tucuruvi
700000,156,2,3,2,Tucuruvi
350000,50,2,2,2,Tucuruvi
690000,133,3,1,2,Tucuruvi
750000,80,3,2,1,Tucuruvi
650000,96,3,3,2,Tucuruvi
250000,41,2,2,1,Tucuruvi
550000,98,3,3,2,Tucuruvi
700000,82,2,2,2,Tucuruvi
615000,98,3,2,1,Tucuruvi
315000,49,2,2,2,Tucuruvi
1100000,126,3,3,2,Vila Guilherme
990000,140,4,5,2,Vila Guilherme
583000,70,3,2,1,Vila Guilherme
300000,86,2,2,1,Vila Guilherme
383958,64,3,2,1,Vila Maria
230000,40,1,2,1,Vila Maria
344000,64,3,2,1,Vila Maria
308177,51,2,2,1,Vila Maria
259274,40,1,2,1,Vila Maria
294411,50,2,2,1,Vila Maria
689900,79,3,2,2,Vila Maria
340000,64,3,2,1,Vila Maria
316000,81,3,2,2,Medeiros
210000,60,2,2,1,Medeiros
540000,88,2,3,2,Medeiros
210000,60,2,2,1,Medeiros
220000,60,2,2,1,Medeiros
160000,54,2,2,1,Medeiros
299628,69,3,2,2,Medeiros
800000,98,3,2,2,Água Rasa
1290000,137,3,5,2,Água Rasa
630000,85,3,2,1,Água Rasa
260000,54,2,2,1,Água Rasa
940000,112,3,2,2,Água Rasa
480000,59,2,2,1,Água Rasa
68000,90,3,2,2,Aricanduva
650000,86,3,2,2,Aricanduva
245000,47,2,2,1,Aricanduva
280000,54,2,2,1,Aricanduva
450000,65,2,2,1,Aricanduva
200000,43,2,2,1,Aricanduva
251300,45,2,2,1,Aricanduva
230000,48,2,2,1,Aricanduva
329000,49,2,2,1,Aricanduva
190000,55,2,2,1,Artur Alvim
199000,45,2,2,1,Artur Alvim
250000,58,2,2,1,Artur Alvim
209000,42,2,2,1,Artur Alvim
150000,48,2,2,1,Artur Alvim
210000,54,2,2,1,Artur Alvim
175000,48,2,2,1,Artur Alvim
379000,65,3,2,1,Belém
210000,43,2,2,1,Belém
2200000,221,4,5,4,Belém
319000,56,2,2,1,Belém
379000,65,3,2,1,Belém
364000,65,3,2,1,Belém
229600,38,1,2,1,Belém
255000,44,1,2,1,Belém
350000,50,2,2,1,Belém
342248,60,3,2,1,Belém
400000,65,2,2,1,Belém
425000,72,3,2,1,Belém
1280000,155,3,4,3,Belém
200000,48,2,2,1,Belém
490000,60,2,2,2,Belém
513750,68,2,2,1,Belém
220000,47,2,2,1,Cangaíba
200000,46,2,2,1,Cangaíba
271000,54,2,2,1,Cangaíba
195000,43,1,2,1,Cangaíba
280000,52,2,2,1,Cangaíba
299000,60,2,2,1,Cangaíba
230000,48,2,2,1,Cangaíba
448000,57,2,2,1,Cangaíba
275000,50,2,2,1,Cangaíba
240000,52,2,2,1,Cangaíba
268000,55,2,2,1,Cangaíba
740000,90,3,2,3,Carrão
652000,103,4,3,2,Carrão
230000,50,2,2,1,Carrão
229900,45,2,2,1,Carrão
646900,103,3,2,2,Carrão
410000,64,2,2,1,Carrão
275000,60,3,2,1,Carrão
1050000,119,2,3,2,Carrão
660000,103,3,4,2,Carrão
652600,103,3,3,2,Carrão
640000,72,2,2,2,Carrão
679000,119,4,3,2,Carrão
255000,57,2,2,1,Cidade Líder
260000,42,2,2,1,Cidade Líder
230000,44,2,2,1,Cidade Líder
260000,67,3,2,1,Cidade Líder
220000,49,2,2,1,Cidade Líder
250000,44,2,2,1,Cidade Líder
189000,46,2,2,1,Cidade Líder
210000,48,2,2,1,Cidade Líder
140000,45,2,2,1,Cidade Tiradentes
130000,45,2,2,1,Cidade Tiradentes
170000,49,2,2,1,Cidade Tiradentes
140000,46,2,2,1,Cidade Tiradentes
100000,42,2,2,1,Cidade Tiradentes
109900,45,2,2,1,Cidade Tiradentes
60000,42,2,2,1,Cidade Tiradentes
66000,45,2,2,1,Cidade Tiradentes
235000,55,2,2,1,Ermelino Matarazzo
212000,46,2,2,1,Ermelino Matarazzo
265000,57,2,2,1,Ermelino Matarazzo
215000,43,2,2,1,Ermelino Matarazzo
170000,40,2,2,1,Ermelino Matarazzo
474000,130,3,2,1,Guaianazes
117810,38,2,2,1,Guaianazes
131446,39,2,2,1,Guaianazes
780000,110,3,3,1,Iguatemi
185000,59,2,2,1,Itaim Paulista
265000,69,3,2,1,Itaim Paulista
170000,40,2,2,1,Itaquera
223000,43,2,2,1,Itaquera
200000,45,2,2,1,Itaquera
242998,55,2,2,1,Itaquera
166000,37,2,2,1,Itaquera
194200,40,2,2,1,Itaquera
275000,51,2,2,1,Itaquera
129000,39,2,2,1,Itaquera
180000,48,2,2,1,Itaquera
170000,57,2,2,1,Jardim Helena
220000,43,1,2,1,Jardim Helena
1650000,158,3,3,1,Jardim Helena
850000,136,4,4,3,José Bonifácio
586000,53,2,2,1,José Bonifácio
206000,45,2,2,1,José Bonifácio
200000,35,1,2,1,José Bonifácio
240000,38,1,2,1,José Bonifácio
215000,46,2,2,1,José Bonifácio
207000,45,2,2,1,José Bonifácio
340001,70,2,2,1,José Bonifácio
165000,46,2,2,1,Lajeado
190000,56,2,2,1,Lajeado
165000,49,2,2,1,Lajeado
190000,56,2,2,1,Lajeado
206000,47,2,2,1,Parque do Carmo
224900,52,2,2,1,Parque do Carmo
220000,48,2,2,1,Parque do Carmo
225000,52,2,2,1,Parque do Carmo
143000,42,2,2,1,Parque do Carmo
270000,60,2,2,2,Penha
329000,48,2,2,1,Penha
317886,62,3,2,1,Penha
250000,47,2,2,1,Penha
180000,32,1,2,1,Penha
921700,135,4,4,2,Penha
185000,37,2,2,1,Penha
263535,66,2,2,1,Penha
440000,74,3,2,2,Ponte Rasa
250000,48,2,2,1,Ponte Rasa
250000,48,2,2,1,Ponte Rasa
210000,54,2,2,1,Ponte Rasa
365000,60,3,2,1,Ponte Rasa
250000,48,2,2,1,Ponte Rasa
266000,47,2,2,1,Ponte Rasa
220000,46,2,2,1,Ponte Rasa
279000,56,2,2,1,Sapopemba
285000,63,3,2,1,Sapopemba
246000,58,2,2,1,Sapopemba
392000,68,3,2,1,Sapopemba
440000,76,3,2,2,São Lucas
445000,75,3,2,2,São Lucas
351600,55,2,2,1,São Lucas
159000,37,2,2,1,São Mateus
204000,42,2,2,1,São Mateus
175000,50,2,2,1,São Mateus
239000,60,3,2,1,São Mateus
170000,49,2,2,1,São Mateus
239900,58,2,2,1,São Mateus
239000,58,3,2,1,São Mateus
620000,128,3,3,3,São Miguel
250000,50,2,2,1,São Miguel
300000,60,2,2,1,São Miguel
180000,49,2,2,1,São Miguel
219000,43,2,2,1,São Miguel
195000,54,2,2,1,São Miguel
190000,53,2,2,1,São Rafael
1087000,165,4,4,3,Tatuapé
490000,73,3,2,2,Tatuapé
915000,110,4,3,3,Tatuapé
654000,89,3,2,2,Tatuapé
660000,67,2,2,1,Tatuapé
430200,66,2,2,1,Tatuapé
1495000,148,3,4,2,Tatuapé
583700,112,2,2,1,Tatuapé
600000,90,4,3,2,Tatuapé
430000,63,2,2,1,Tatuapé
230000,48,2,2,1,Vila Curuçá
297000,57,2,2,1,Vila Curuçá
179000,48,2,2,1,Vila Curuçá
200000,43,2,2,1,Vila Curuçá
240000,56,2,2,1,Vila Curuçá
329000,90,3,2,1,Vila Curuçá
250000,55,2,2,1,Vila Curuçá
208000,47,2,2,1,Vila Curuçá
550000,187,4,5,1,Vila Formosa
519990,81,3,2,2,Vila Formosa
760000,98,3,2,2,Vila Formosa
915000,135,4,4,2,Vila Formosa
420000,70,3,2,1,Vila Formosa
890000,92,3,2,2,Vila Formosa
530000,81,3,2,2,Vila Formosa
661000,78,2,2,2,Vila Formosa
520000,81,3,2,2,Vila Formosa
739300,92,3,2,2,Vila Formosa
215050,48,2,2,1,Vila Jacuí
204000,46,2,2,1,Vila Jacuí
217000,48,2,2,1,Vila Jacuí
207000,46,2,2,1,Vila Jacuí
199000,44,2,2,1,Vila Jacuí
207000,47,2,2,1,Vila Jacuí
313000,47,2,2,1,Vila Matilde
179000,35,1,2,1,Vila Matilde
189000,40,2,2,1,Vila Matilde
235000,40,2,2,1,Vila Matilde
460000,70,3,2,2,Vila Matilde
330000,60,2,2,1,Vila Matilde
180000,37,1,2,1,Vila Matilde
230000,40,2,2,1,Vila Matilde
320000,50,2,2,1,Vila Matilde
3050003,66,3,2,1,Vila Prudente
350000,64,2,2,1,Vila Prudente
550000,76,3,2,1,Vila Prudente
205000,41,2,2,1,Vila Prudente
375000,49,2,2,1,Vila Prudente
375000,60,3,2,1,Vila Prudente
430000,72,2,2,1,Vila Prudente
277000,58,2,2,1,Vila Prudente
235000,40,2,2,1,Vila Prudente
172000,32,1,2,1,Vila Prudente
259900,35,1,2,1,Cambuci
264000,35,1,2,1,Cambuci
205000,38,2,2,1,Cambuci
594000,68,2,2,2,Cambuci
225000,34,2,2,1,Cambuci
330000,48,2,2,1,Cambuci
410000,50,2,2,1,Cambuci
188900,45,2,2,1,Cambuci
184000,41,2,2,1,Cambuci
480800,72,3,2,1,Cambuci
598000,68,2,2,2,Cambuci
430000,84,3,2,2,Campo Grande
449000,75,3,2,1,Campo Grande
260000,54,2,2,1,Campo Grande
280000,50,2,2,1,Campo Grande
350000,66,2,2,1,Campo Grande
280000,60,2,2,1,Campo Grande
290000,64,2,2,1,Campo Grande
1100000,133,3,4,2,Campo Grande
320000,68,2,2,1,Campo Grande
290000,50,2,2,1,Campo Grande
249000,49,2,2,1,Campo Limpo
147000,60,2,2,1,Campo Limpo
279000,50,2,2,1,Campo Limpo
245000,48,2,2,1,Campo Limpo
209900,46,2,2,1,Campo Limpo
214000,51,2,2,1,Campo Limpo
320000,47,2,2,1,Campo Limpo
249000,46,2,2,1,Campo Limpo
225000,52,2,2,1,Capão Redondo
300000,50,2,2,1,Capão Redondo
427000,165,3,2,1,Capão Redondo
270000,60,2,2,1,Capão Redondo
225000,50,2,2,1,Capão Redondo
210000,52,2,2,1,Capão Redondo
275000,59,2,2,1,Cidade Ademar
315000,60,2,2,1,Cidade Ademar
329000,58,2,2,1,Cidade Ademar
315000,47,2,2,1,Cidade Ademar
310000,61,2,2,1,Cidade Ademar
290000,50,2,2,1,Cidade Ademar
1000000,189,3,4,2,Cidade Dutra
280000,55,2,2,1,Cidade Dutra
240000,54,2,2,1,Cidade Dutra
260000,56,2,2,1,Cidade Dutra
248999,46,2,2,1,Cursino
230000,51,2,2,1,Cursino
370000,41,1,2,1,Cursino
310000,53,2,2,1,Cursino
500000,66,2,2,1,Cursino
240000,52,2,2,1,Grajaú
310000,65,2,2,1,Grajaú
255000,54,2,2,1,Grajaú
630000,72,2,3,1,Ipiranga
300000,55,2,2,1,Ipiranga
1350000,130,3,4,2,Ipiranga
470000,68,2,2,1,Ipiranga
320000,49,2,2,1,Ipiranga
915000,108,3,3,2,Ipiranga
529000,69,2,2,1,Ipiranga
645000,70,2,2,1,Ipiranga
1080000,115,3,3,2,Ipiranga
719000,93,3,3,2,Ipiranga
319999,54,2,2,1,Ipiranga
480000,55,2,2,2,Ipiranga
779000,84,3,2,2,Ipiranga
980000,115,3,3,2,Ipiranga
1570000,140,3,5,2,Ipiranga
1580000,160,3,2,1,Itaim Bibi
1900000,182,3,3,2,Itaim Bibi
750000,49,1,2,1,Itaim Bibi
3500000,237,4,5,4,Itaim Bibi
1500000,111,3,4,2,Itaim Bibi
2300000,100,2,3,2,Itaim Bibi
2000000,91,2,3,2,Itaim Bibi
1330000,62,1,2,1,Itaim Bibi
2890000,240,3,5,3,Itaim Bibi
990000,115,3,2,1,Itaim Bibi
410000,55,2,2,1,Jabaquara
490000,41,1,2,1,Jabaquara
499000,62,2,2,1,Jabaquara
280000,52,2,2,1,Jabaquara
460000,58,2,2,1,Jabaquara
230000,48,2,1,1,Jardim Ângela
220000,44,2,2,1,Jardim Ângela
161987,43,2,2,1,Jardim Ângela
250000,45,2,2,1,Jardim Ângela
800000,96,2,3,1,Jardim Paulista
1300000,115,3,4,1,Jardim Paulista
1850000,200,3,4,1,Jardim Paulista
4955000,241,3,5,3,Jardim Paulista
4600000,232,4,6,4,Jardim Paulista
985000,120,3,3,1,Jardim Paulista
2590000,193,3,5,2,Jardim Paulista
1200000,110,3,3,1,Jardim Paulista
595000,113,2,2,1,Jardim Paulista
950000,98,2,2,1,Jardim Paulista
1300000,116,3,4,1,Jardim Paulista
230000,54,2,2,1,Jardim São Luis
220000,54,2,2,1,Jardim São Luis
275000,60,3,2,1,Jardim São Luis
240000,58,2,2,1,Jardim São Luis
145000,45,2,2,1,Jardim São Luis
1060000,104,3,2,2,Moema
2325000,175,3,5,3,Moema
2200000,161,4,5,4,Moema
670000,68,2,2,1,Moema
1835500,146,3,4,2,Moema
820000,95,2,3,1,Moema
720000,65,2,2,1,Moema
385000,40,1,2,1,Moema
3100000,182,3,5,4,Moema
620000,70,2,2,1,Moema
1540000,180,4,4,2,Moema
894000,100,3,2,2,Moema
660000,55,2,2,2,Moema
1990000,160,4,5,3,Moema
5700000,306,4,5,5,Moema
1060000,115,3,4,2,Moema
1070000,75,2,2,2,Moema
623000,111,3,3,2,Morumbi
260000,70,3,2,1,Morumbi
369000,86,3,3,2,Morumbi
740000,110,3,4,2,Morumbi
495000,82,1,2,2,Morumbi
308000,66,3,2,1,Morumbi
490000,66,2,3,1,Morumbi
270300,65,2,2,1,Pedreira
190000,50,2,2,1,Pedreira
200000,57,2,2,1,Pedreira
295000,50,2,2,1,Pedreira
326900,61,2,2,1,Sacomã
410000,67,2,2,1,Sacomã
404244,74,3,2,2,Sacomã
697000,93,3,3,2,Sacomã
285000,62,2,2,1,Sacomã
316469,61,2,2,1,Sacomã
458900,74,3,2,2,Sacomã
220000,54,2,2,1,Sacomã
361150,64,2,2,1,Sacomã
190000,41,2,2,1,Sacomã
528726,67,2,2,1,Sacomã
316350,61,2,2,1,Sacomã
326200,61,2,2,1,Sacomã
325900,53,2,2,1,Santo Amaro
680000,76,2,2,1,Santo Amaro
606760,67,2,2,2,Santo Amaro
515023,68,2,2,1,Santo Amaro
649950,92,3,3,2,Santo Amaro
720000,83,3,2,2,Santo Amaro
700000,112,3,2,2,Santo Amaro
1190000,125,3,4,2,Santo Amaro
692098,92,3,2,2,Santo Amaro
738000,88,3,3,2,Santo Amaro
465000,60,2,2,1,Saúde
583000,61,2,2,2,Saúde
515001,53,2,2,1,Saúde
555000,60,2,2,1,Saúde
400000,63,2,2,1,Saúde
460000,74,3,2,1,Saúde
500000,45,1,2,1,Saúde
580000,58,2,2,1,Saúde
425000,70,3,2,1,Saúde
1150000,111,3,4,3,Saúde
750000,71,2,2,2,Saúde
237720,65,3,2,1,Socorro
270000,47,2,2,1,Vila Andrade
262300,47,2,2,1,Vila Andrade
900000,184,3,4,4,Vila Andrade
465000,68,2,2,2,Vila Andrade
294000,49,2,2,1,Vila Andrade
747800,122,4,1,2,Vila Andrade
595000,87,2,3,2,Vila Andrade
535000,87,3,2,2,Vila Andrade
680000,95,2,3,2,Vila Andrade
680000,95,2,3,2,Vila Andrade
310000,68,3,2,2,Vila Andrade
1200000,73,2,2,2,Vila Mariana
849000,78,2,2,2,Vila Mariana
2292000,208,3,4,3,Vila Mariana
800000,89,2,2,1,Vila Mariana
703000,68,2,2,1,Vila Mariana
560000,55,2,2,1,Vila Mariana
1149000,98,2,4,2,Vila Mariana
690000,66,2,2,2,Vila Mariana
1999900,163,3,5,2,Vila Mariana
1550000,142,3,4,3,Vila Mariana
650000,73,2,3,1,Vila Mariana
360000,50,2,2,1,Vila Mariana
480069,33,1,2,1,Vila Mariana
1279000,110,3,3,2,Vila Mariana
620000,52,2,2,1,Vila Mariana
2230514,163,3,5,2,Vila Mariana
430000,95,4,2,1,Vila Sônia
439000,90,3,2,1,Vila Sônia
540000,75,3,3,1,Vila Sônia
590000,82,3,2,2,Vila Sônia
315000,50,2,2,1,Vila Sônia
573000,80,2,2,2,Vila Sônia
1015000,105,3,3,2,Alto de Pinheiros
950000,86,3,3,2,Alto de Pinheiros
5660121,286,4,5,4,Alto de Pinheiros
2060200,149,4,5,2,Alto de Pinheiros
2200000,180,3,2,3,Alto de Pinheiros
4480000,280,2,5,3,Alto de Pinheiros
1620000,130,2,3,3,Alto de Pinheiros
3998000,265,3,3,4,Alto de Pinheiros
970000,106,3,2,2,Alto de Pinheiros
2820000,235,3,6,4,Alto de Pinheiros
6300000,364,4,6,5,Alto de Pinheiros
2298000,266,4,5,4,Anhanguera
1950000,266,4,5,4,Anhanguera
2125000,266,4,5,4,Anhanguera
450000,75,3,2,1,Anhanguera
349000,69,2,2,1,Anhanguera
410000,68,2,2,1,Anhanguera
179000,40,2,2,1,Brasilândia
179100,40,2,2,1,Brasilândia
315000,58,2,2,2,Brasilândia
184700,40,2,2,1,Brasilândia
266000,63,2,2,1,Brasilândia
245000,52,2,2,1,Brasilândia
266000,50,2,2,1,Brasilândia
217500,40,2,2,1,Brasilândia
680000,74,2,2,1,Butantã
727900,76,3,2,1,Butantã
399900,75,2,2,2,Butantã
1398000,154,4,4,2,Butantã
144000,47,2,2,1,Butantã
338000,77,3,2,1,Butantã
653000,74,3,3,1,Butantã
680000,66,2,2,1,Butantã
526000,95,4,3,2,Butantã
240000,50,2,2,1,Cachoeirinha
230000,46,2,2,1,Cachoeirinha
245000,55,2,2,1,Cachoeirinha
265000,70,3,2,1,Cachoeirinha
336000,55,2,2,1,Cachoeirinha
750000,107,3,2,2,Freguesia do Ó
250000,49,2,2,1,Freguesia do Ó
465000,65,2,2,1,Freguesia do Ó
175000,41,2,2,1,Freguesia do Ó
300000,52,2,2,1,Freguesia do Ó
485000,70,3,2,1,Jaguaré
480000,70,3,2,1,Jaguaré
347218,63,2,2,1,Jaguaré
320000,57,3,2,1,Jaguaré
1270000,156,3,5,2,Jaguaré
1990000,234,4,5,3,Jaguaré
350000,60,2,2,1,Jaguaré
457860,82,3,3,2,Jaguaré
456000,57,2,2,1,Jaraguá
464000,58,1,2,1,Jaraguá
950000,134,4,5,2,Lapa
490000,61,2,2,1,Lapa
685719,81,3,2,2,Lapa
580000,117,3,3,1,Lapa
470000,82,2,2,1,Lapa
330000,52,2,2,1,Limão
480000,65,2,2,1,Limão
555000,74,3,2,1,Limão
430000,60,3,2,1,Limão
410000,60,3,2,1,Limão
1250000,146,3,3,2,Perdizes
953000,96,3,3,2,Perdizes
900000,108,3,3,1,Perdizes
750000,75,3,2,2,Perdizes
1300000,116,3,4,2,Perdizes
600000,70,3,2,1,Perdizes
1589000,142,4,5,3,Perdizes
851000,85,3,4,2,Perdizes
4100000,295,5,6,4,Perdizes
625000,59,2,2,1,Perdizes
800000,130,3,3,2,Perdizes
187900,44,2,2,1,Perus
185900,44,2,2,1,Perus
183900,44,2,2,1,Perus
880000,84,2,2,1,Pinheiros
1138800,74,2,2,1,Pinheiros
1210000,90,2,2,2,Pinheiros
560000,35,1,2,1,Pinheiros
1094000,73,2,2,1,Pinheiros
1900000,160,3,5,2,Pinheiros
1200000,82,3,3,2,Pinheiros
800000,63,2,2,1,Pinheiros
700000,96,2,2,1,Pinheiros
958980,71,2,2,1,Pinheiros
1300000,85,2,2,2,Pinheiros
899000,71,2,2,1,Pinheiros
530000,34,1,2,1,Pinheiros
273000,52,2,2,1,Pirituba
269000,49,2,2,1,Pirituba
265000,50,2,2,1,Pirituba
1270000,131,3,3,2,Pirituba
305000,62,3,2,1,Pirituba
619000,81,3,2,2,Pirituba
305000,49,2,2,1,Pirituba
390000,64,3,2,1,Pirituba
217200,40,2,1,1,Pirituba
285000,50,2,2,1,Pirituba
278000,64,3,2,1,Pirituba
180000,48,2,2,1,Raposo Tavares
130000,42,2,2,1,Raposo Tavares
670400,95,3,3,2,Raposo Tavares
125000,46,2,2,1,Raposo Tavares
525000,95,3,3,2,Raposo Tavares
230000,60,2,2,1,Rio Pequeno
200000,71,3,2,2,Rio Pequeno
225000,63,2,2,1,Rio Pequeno
1575000,186,4,5,3,Rio Pequeno
320000,56,2,2,1,Rio Pequeno
1150000,135,3,4,3,Rio Pequeno
230000,56,2,2,1,Rio Pequeno
369000,60,2,3,1,São Domingos
369000,64,2,2,2,São Domingos
390000,65,3,2,1,São Domingos
330000,52,2,2,1,São Domingos
350000,59,2,2,1,São Domingos
290000,56,2,2,1,São Domingos
259000,50,2,2,1,São Domingos
600000,74,3,2,2,São Domingos
2960700,218,4,1,6,Vila Leopoldina
820000,89,3,3,2,Vila Leopoldina
932000,88,3,3,2,Vila Leopoldina
540000,50,2,2,1,Vila Leopoldina
1180000,125,3,2,2,Vila Leopoldina
675000,87,3,2,1,Vila Leopoldina
980000,96,3,2,2,Vila Leopoldina
1250000,142,3,5,2,Vila Leopoldina
830000,94,3,2,2,Vila Leopoldina
800000,76,3,2,2,Vila Leopoldina
945000,99,3,4,2,Vila Leopoldina
1350000,141,3,5,2,Vila Leopoldina
830000,88,3,3,2,Vila Leopoldina
199000,38,2,1,0,Barra Funda
300000,61,1,1,0,Barra Funda
550000,64,3,2,2,Barra Funda
1220000,126,4,2,2,Barra Funda
452161,67,2,2,1,Barra Funda
475000,53,2,1,1,Barra Funda
369000,50,2,1,1,Barra Funda
1090000,145,4,2,3,Barra Funda
420000,79,2,1,1,Barra Funda
178000,31,1,1,0,Barra Funda
620000,70,3,2,1,Barra Funda
770000,93,3,3,2,Barra Funda
560000,67,3,1,2,Barra Funda
670000,70,2,2,2,Barra Funda
383000,57,2,1,1,Barra Funda
620000,94,3,2,2,Barra Funda
330000,43,2,1,1,Barra Funda
540000,63,2,2,2,Barra Funda
770000,70,3,2,1,Barra Funda
777000,103,4,2,2,Barra Funda
220000,34,2,1,0,Barra Funda
339000,46,2,1,1,Barra Funda
640000,66,2,1,1,Barra Funda
600000,70,2,2,2,Barra Funda
1100001,132,4,2,2,Barra Funda
600000,86,2,1,1,Barra Funda
1380000,145,3,2,3,Barra Funda
595000,62,2,2,1,Barra Funda
380000,34,1,1,1,Barra Funda
349000,68,1,1,0,Bela Vista
2600000,295,3,3,1,Bela Vista
249000,39,1,1,0,Bela Vista
250000,31,1,1,0,Bela Vista
350000,36,1,1,1,Bela Vista
3800000,420,4,3,3,Bela Vista
500000,136,3,1,0,Bela Vista
477000,116,2,2,1,Bela Vista
850000,88,2,2,1,Bela Vista
440000,38,1,1,0,Bela Vista
320000,35,1,1,1,Bela Vista
2540000,350,3,2,2,Bela Vista
380000,47,1,1,1,Bela Vista
315000,63,1,1,0,Bela Vista
425000,65,2,1,1,Bela Vista
630000,62,2,2,1,Bela Vista
1700000,235,4,4,1,Bela Vista
345000,48,2,1,0,Bela Vista
459000,48,2,1,1,Bela Vista
848000,120,3,2,1,Bela Vista
330000,83,2,1,0,Bela Vista
300000,60,1,1,0,Bela Vista
870000,114,3,2,1,Bela Vista
300000,64,1,1,1,Bela Vista
519000,60,2,2,1,Bela Vista
370000,52,1,2,1,Bela Vista
500000,50,1,1,1,Bela Vista
1200000,147,3,1,1,Bela Vista
710000,64,2,2,1,Bela Vista
739000,65,3,2,1,Bela Vista
369000,45,1,1,1,Bela Vista
590000,75,2,1,1,Bela Vista
245000,30,1,1,1,Bela Vista
1300000,75,3,2,1,Bela Vista
800000,94,2,2,1,Bela Vista
1580000,130,3,2,1,Bela Vista
480000,156,3,2,1,Bom Retiro
750000,97,3,2,2,Bom Retiro
600000,150,3,2,1,Bom Retiro
250000,80,3,1,0,Bom Retiro
750000,164,3,2,1,Bom Retiro
610000,67,3,2,1,Bom Retiro
400000,62,2,1,0,Bom Retiro
945000,200,3,2,1,Bom Retiro
480000,68,3,2,1,Bom Retiro
420000,80,2,1,1,Bom Retiro
370000,49,2,1,1,Bom Retiro
610000,67,3,2,1,Bom Retiro
650000,130,3,2,1,Bom Retiro
360000,120,3,2,1,Bom Retiro
590000,70,3,2,1,Bom Retiro
450000,61,3,2,1,Bom Retiro
780000,140,3,1,0,Bom Retiro
350000,70,2,1,0,Bom Retiro
362000,56,1,2,1,Bom Retiro
445000,65,3,2,1,Bom Retiro
800000,97,3,1,2,Bom Retiro
1015000,200,4,2,2,Bom Retiro
435000,68,2,2,2,Bom Retiro
368000,97,2,1,0,Bom Retiro
479000,60,1,1,1,Bom Retiro
650000,197,3,3,1,Bom Retiro
500000,130,3,1,0,Bom Retiro
370000,52,2,2,1,Bom Retiro
750000,97,3,2,2,Bom Retiro
162900,33,1,2,0,Brás
422400,74,3,2,1,Brás
329000,51,2,1,1,Brás
372960,60,2,2,1,Brás
450000,64,2,2,1,Brás
215000,45,1,1,0,Brás
392700,39,2,1,1,Brás
384000,53,2,2,1,Brás
240000,32,1,2,1,Brás
280000,54,2,1,1,Brás
228000,45,1,1,0,Brás
190000,30,1,2,0,Brás
318500,56,2,1,1,Brás
255000,48,2,1,1,Brás
498000,62,2,2,2,Brás
235000,74,1,1,1,Brás
220000,30,1,2,1,Brás
371735,59,2,1,1,Brás
255000,49,2,1,1,Brás
460000,60,2,2,1,Brás
219000,45,2,1,1,Brás
210000,42,1,1,1,Brás
400000,64,2,2,1,Brás
554400,72,3,2,1,Brás
345173,42,1,1,1,Brás
351849,45,1,2,1,Brás
379000,65,3,2,1,Brás
160000,32,1,1,1,Brás
650000,196,4,3,1,Brás
358900,63,2,2,1,Brás
235000,44,2,1,1,Brás
230000,50,2,1,1,Brás
320000,50,2,1,1,Brás
360000,65,3,2,1,Brás
240000,40,1,1,1,Brás
370000,51,2,2,1,Brás
279000,45,2,2,0,Brás
219900,41,2,1,1,Brás
360000,54,1,2,2,Brás
280000,48,2,1,1,Brás
380000,90,2,1,1,Brás
268700,45,2,1,0,Brás
280000,31,1,1,1,Brás
400000,65,3,2,1,Brás
535000,68,3,2,1,Brás
350000,50,2,1,1,Brás
225000,33,1,1,0,Brás
394000,57,2,1,1,Brás
390000,35,1,2,1,Consolação
658000,90,2,1,1,Consolação
295000,42,1,2,0,Consolação
388000,64,2,2,1,Consolação
679000,60,2,2,1,Consolação
790000,85,2,1,0,Consolação
300000,39,1,1,1,Consolação
480000,40,1,1,1,Consolação
390000,35,1,1,1,Consolação
435000,70,2,1,1,Consolação
1300000,75,3,3,1,Consolação
425000,38,1,1,1,Consolação
850000,110,2,1,1,Consolação
395000,52,1,1,0,Liberdade
530000,68,2,2,1,Liberdade
269000,46,1,1,1,Liberdade
240000,55,1,1,0,Liberdade
359000,59,3,2,1,Liberdade
720000,67,2,2,1,Liberdade
410000,43,1,2,1,Liberdade
399000,75,2,1,0,Liberdade
300000,78,2,1,0,Liberdade
379877,40,1,1,1,Liberdade
560000,73,3,2,2,Liberdade
495900,69,2,2,1,Liberdade
494000,69,2,2,1,Liberdade
496000,69,2,2,1,Liberdade
350000,53,2,1,2,Liberdade
259900,48,2,1,1,Liberdade
250000,45,1,1,1,Liberdade
199000,48,1,2,1,Liberdade
380000,87,2,1,0,Liberdade
209900,34,1,1,0,Liberdade
900000,167,3,1,1,Liberdade
420000,78,2,1,1,Liberdade
240000,50,1,1,0,Liberdade
205000,40,2,1,0,Liberdade
691000,75,3,2,2,Liberdade
650000,110,3,2,1,Liberdade
371000,44,2,1,0,Liberdade
600000,75,2,2,1,Liberdade
970000,95,3,2,2,Pari
350000,53,2,1,1,Pari
340000,56,1,1,1,República
900000,245,4,3,1,República
580000,65,2,2,1,República
410000,48,1,2,1,República
200000,30,1,1,0,República
225000,36,1,1,1,República
476000,50,1,1,1,República
300000,53,2,1,0,República
2300000,393,3,2,1,República
259900,43,1,2,0,República
218000,45,1,1,0,República
690000,127,3,1,0,República
2300000,393,3,4,1,República
290000,42,1,1,0,República
349000,36,1,2,1,República
409000,50,1,2,1,República
445000,50,1,2,1,República
640000,49,1,1,1,República
485000,45,1,1,1,República
435900,45,1,2,1,República
350000,57,1,1,0,República
368000,70,2,1,0,República
294000,31,1,1,0,República
298000,46,1,1,0,Santa Cecília
930000,127,3,2,1,Santa Cecília
335000,36,1,2,1,Santa Cecília
424000,50,1,1,1,Santa Cecília
300000,54,1,1,0,Santa Cecília
350000,36,1,1,1,Santa Cecília
584900,45,1,1,1,Santa Cecília
1590000,198,3,2,2,Santa Cecília
1600000,180,4,2,2,Santa Cecília
250000,30,1,1,1,Santa Cecília
340000,75,2,1,0,Santa Cecília
480000,62,1,1,0,Santa Cecília
200000,31,1,1,1,Santa Cecília
410000,39,1,1,1,Santa Cecília
898000,110,2,2,1,Santa Cecília
265000,30,1,1,1,Santa Cecília
570000,55,2,1,1,Santa Cecília
580000,74,1,1,0,Santa Cecília
300000,43,1,2,1,Santa Cecília
500000,92,3,1,0,Santa Cecília
950000,106,2,2,1,Santa Cecília
820000,144,3,2,1,Santa Cecília
850000,160,3,1,1,Santa Cecília
1220000,94,2,2,1,Santa Cecília
583000,95,2,2,1,Santa Cecília
1450000,213,3,2,1,Santa Cecília
1890000,200,3,2,2,Santa Cecília
695000,94,3,2,2,Santa Cecília
595000,55,2,1,1,Santa Cecília
530000,129,3,2,0,Santa Cecília
890000,127,3,2,1,Santa Cecília
230000,40,1,1,0,Sé
299000,45,1,1,0,Sé
234000,54,2,1,0,Sé
220000,34,1,1,0,Sé
240000,32,1,2,1,Sé
320000,48,1,1,1,Sé
637000,48,1,2,1,Sé
259900,62,2,1,0,Sé
640000,78,3,2,2,Casa Verde
400000,56,2,2,2,Casa Verde
694000,130,3,4,2,Casa Verde
425000,65,2,2,2,Casa Verde
690000,88,3,2,2,Casa Verde
459000,49,1,1,1,Casa Verde
405000,64,2,2,1,Casa Verde
539000,65,2,2,1,Casa Verde
441400,48,2,1,1,Casa Verde
425000,60,3,2,1,Casa Verde
325000,70,3,2,1,Casa Verde
275000,58,2,1,1,Casa Verde
2900000,311,3,4,4,Casa Verde
480000,49,1,1,1,Casa Verde
530000,96,3,2,1,Casa Verde
1070000,192,4,3,2,Casa Verde
620000,90,3,2,2,Casa Verde
260000,60,2,1,1,Casa Verde
350000,60,2,1,1,Casa Verde
412000,60,3,2,1,Casa Verde
570000,96,3,2,1,Casa Verde
697000,90,3,2,1,Casa Verde
850000,88,2,2,2,Casa Verde
890000,92,3,2,2,Casa Verde
580000,84,3,2,2,Casa Verde
480000,58,2,1,1,Casa Verde
329000,47,2,1,1,Casa Verde
409869,53,2,2,1,Casa Verde
340000,71,2,1,0,Casa Verde
600000,100,2,2,1,Casa Verde
745000,92,3,2,2,Casa Verde
320000,70,3,2,1,Casa Verde
721001,88,3,2,2,Casa Verde
349000,74,3,2,1,Casa Verde
1113000,110,3,2,2,Casa Verde
450000,71,3,2,2,Casa Verde
500000,89,3,1,1,Casa Verde
775000,92,3,2,2,Casa Verde
1840000,186,3,4,3,Casa Verde
645000,90,3,2,2,Casa Verde
542000,105,2,2,1,Casa Verde
480000,88,3,2,1,Casa Verde
228000,50,2,1,1,Jaçanã
270000,78,2,1,1,Jaçanã
359000,67,3,2,1,Jaçanã
293500,59,3,2,1,Jaçanã
325200,60,3,2,1,Jaçanã
255000,46,2,1,1,Jaçanã
252135,47,2,1,1,Jaçanã
220000,61,2,1,1,Jaçanã
298000,50,2,1,1,Jaçanã
210000,50,2,1,1,Jaçanã
249000,60,2,1,1,Jaçanã
292000,59,3,2,1,Jaçanã
323700,60,3,2,1,Jaçanã
299000,51,2,1,1,Jaçanã
350000,66,3,2,1,Jaçanã
265000,49,2,1,1,Jaçanã
325000,58,2,2,1,Jaçanã
340000,76,2,1,2,Jaçanã
236500,48,2,1,1,Jaçanã
295000,62,2,1,1,Jaçanã
313500,49,2,1,1,Jaçanã
315000,67,3,2,1,Jaçanã
890000,126,3,4,3,Mandaqui
457000,78,3,2,2,Mandaqui
730000,92,3,2,2,Mandaqui
840000,142,3,4,3,Mandaqui
1000000,200,3,2,3,Mandaqui
420000,75,3,2,2,Mandaqui
310000,70,2,2,1,Mandaqui
1150000,130,3,4,3,Mandaqui
301600,49,2,1,1,Mandaqui
800000,118,3,2,3,Mandaqui
490000,80,3,2,2,Mandaqui
425000,72,2,2,1,Mandaqui
900000,143,3,2,3,Mandaqui
295000,60,2,1,1,Mandaqui
585000,94,2,3,3,Mandaqui
375000,74,3,2,1,Mandaqui
800000,75,3,2,1,Mandaqui
510000,84,3,2,2,Mandaqui
580000,74,2,1,1,Mandaqui
1300000,209,3,4,6,Mandaqui
280000,56,2,1,1,Mandaqui
550000,72,2,2,1,Mandaqui
420000,70,2,1,1,Mandaqui
620000,91,3,2,2,Mandaqui
1100000,118,3,2,4,Mandaqui
450000,70,2,2,1,Mandaqui
805000,160,4,2,2,Mandaqui
400000,58,2,1,1,Mandaqui
215000,38,1,1,1,Mandaqui
404000,68,2,2,1,Mandaqui
1050000,122,3,2,2,Mandaqui
949000,135,3,4,2,Santana
2800000,265,4,5,4,Santana
725000,80,3,2,2,Santana
2200000,386,5,5,5,Santana
395000,72,2,1,1,Santana
450000,50,1,1,1,Santana
800000,140,3,2,1,Santana
320000,47,2,1,1,Santana
1200000,170,4,4,2,Santana
750000,130,3,3,4,Santana
1200000,330,4,3,3,Santana
540000,78,3,2,2,Santana
1650000,213,4,5,4,Santana
409000,90,3,1,2,Santana
586000,80,3,2,2,Santana
455000,74,3,2,1,Santana
425000,68,2,1,1,Santana
345000,51,2,1,1,Santana
954000,190,3,3,2,Santana
369900,81,2,2,0,Santana
585000,90,2,2,2,Santana
320000,52,2,1,1,Tremembé
350000,64,2,1,1,Tremembé
190000,50,2,1,1,Tremembé
650000,82,3,2,1,Tremembé
390000,65,2,1,1,Tremembé
310000,60,2,1,1,Tremembé
410000,51,2,1,1,Tremembé
580000,83,3,2,1,Tremembé
800000,105,3,2,2,Tremembé
266000,51,2,1,1,Tremembé
585000,70,2,2,1,Tremembé
270000,58,2,1,1,Tremembé
1045000,106,3,2,2,Tremembé
373000,47,2,1,1,Tremembé
1280000,153,3,3,2,Tremembé
275000,55,2,1,1,Tremembé
320000,64,2,2,1,Tucuruvi
424000,101,3,2,2,Tucuruvi
362000,70,3,1,1,Tucuruvi
394000,70,2,1,1,Tucuruvi
328900,53,2,2,1,Tucuruvi
410000,74,2,1,1,Tucuruvi
630000,89,3,2,2,Tucuruvi
340000,65,3,1,1,Tucuruvi
400001,75,3,2,2,Tucuruvi
324900,88,2,2,1,Tucuruvi
660000,82,2,2,1,Tucuruvi
417400,65,3,2,1,Tucuruvi
273000,44,2,1,1,Tucuruvi
320000,53,2,2,2,Tucuruvi
850000,148,3,4,3,Tucuruvi
349500,88,2,2,1,Tucuruvi
420000,52,2,2,2,Tucuruvi
400000,66,2,2,1,Vila Guilherme
365000,53,2,1,2,Vila Guilherme
315000,54,2,1,1,Vila Guilherme
520000,77,3,2,2,Vila Guilherme
600000,77,3,3,2,Vila Guilherme
530000,65,3,2,1,Vila Guilherme
485000,80,3,2,2,Vila Guilherme
421900,63,2,2,1,Vila Guilherme
395500,63,2,2,1,Vila Guilherme
333268,62,3,2,1,Vila Guilherme
446000,62,2,2,1,Vila Guilherme
560000,73,3,2,2,Vila Guilherme
385000,60,2,2,2,Vila Guilherme
650000,77,3,2,2,Vila Guilherme
410000,60,2,2,2,Vila Guilherme
290000,58,2,1,1,Vila Guilherme
450000,68,2,1,2,Vila Guilherme
590000,79,3,2,2,Vila Guilherme
955000,125,4,2,2,Vila Guilherme
480000,63,3,2,1,Vila Guilherme
509800,79,3,2,2,Vila Guilherme
458000,65,3,2,1,Vila Guilherme
560000,78,3,2,2,Vila Guilherme
349240,63,3,2,1,Vila Guilherme
488000,80,3,2,2,Vila Guilherme
335000,62,2,2,1,Vila Guilherme
435000,60,2,2,2,Vila Guilherme
510000,80,3,2,2,Vila Guilherme
660313,79,3,2,2,Vila Guilherme
530000,77,3,2,2,Vila Guilherme
370000,50,2,1,2,Vila Guilherme
850000,110,3,2,2,Vila Guilherme
334000,62,3,2,1,Vila Guilherme
290000,51,2,1,1,Vila Maria
240000,51,1,1,1,Vila Maria
372775,63,3,2,1,Vila Maria
325000,50,2,1,1,Vila Maria
370000,51,2,1,1,Vila Maria
259500,39,2,1,1,Vila Maria
255000,40,1,1,1,Vila Maria
330000,60,2,1,1,Vila Maria
1200000,134,3,4,2,Vila Maria
388600,59,3,2,1,Vila Maria
615000,77,3,2,2,Vila Maria
548000,100,3,2,2,Vila Maria
313000,62,3,2,1,Vila Maria
382000,59,3,2,1,Vila Maria
650000,79,3,2,1,Vila Maria
514000,76,3,2,2,Vila Maria
350000,78,3,2,1,Vila Maria
400000,65,2,2,1,Vila Maria
375000,64,2,1,1,Vila Maria
389000,63,2,2,1,Vila Maria
350000,55,2,1,1,Vila Maria
424000,63,2,2,1,Vila Maria
419000,61,2,2,1,Vila Maria
277500,40,1,2,1,Vila Maria
475000,70,3,2,2,Vila Maria
350000,50,2,1,1,Vila Maria
317700,50,2,1,1,Vila Maria
372000,47,2,1,1,Vila Maria
530000,80,3,2,2,Vila Maria
339500,45,2,1,1,Vila Maria
473000,86,3,2,1,Vila Maria
251722,39,1,1,1,Vila Maria
300000,60,2,1,1,Vila Maria
373000,59,3,2,1,Vila Maria
320000,56,2,2,1,Vila Maria
280000,39,1,1,1,Vila Maria
390000,45,2,1,1,Vila Maria
550000,70,3,2,2,Vila Maria
535000,65,3,2,2,Vila Maria
235000,48,2,1,1,Medeiros
300000,48,2,1,1,Medeiros
341000,68,3,2,1,Medeiros
234000,47,2,1,1,Medeiros
297000,74,2,1,1,Medeiros
254500,47,2,1,1,Medeiros
350000,60,2,2,1,Medeiros
274000,58,3,2,1,Medeiros
335000,68,3,1,1,Medeiros
273775,58,3,2,1,Medeiros
280000,58,3,2,1,Medeiros
286000,58,3,2,1,Medeiros
199000,60,2,1,1,Medeiros
235000,47,2,1,1,Medeiros
578000,70,1,2,1,Água Rasa
1800000,187,3,4,4,Água Rasa
746000,93,3,2,2,Água Rasa
1015000,104,3,4,2,Água Rasa
1100000,122,3,4,2,Água Rasa
275000,51,2,1,1,Água Rasa
304000,47,2,1,1,Água Rasa
620000,76,3,2,2,Água Rasa
320000,57,2,1,1,Água Rasa
560000,70,3,2,1,Água Rasa
850000,160,2,2,2,Água Rasa
900000,130,3,2,3,Água Rasa
970000,115,3,3,2,Água Rasa
850000,114,3,3,2,Água Rasa
1550000,315,3,2,4,Água Rasa
890000,113,3,2,2,Água Rasa
955000,104,3,4,2,Água Rasa
595000,76,3,2,2,Água Rasa
320000,56,2,1,1,Água Rasa
830000,113,3,2,2,Água Rasa
800000,104,3,4,2,Água Rasa
600000,90,3,2,2,Água Rasa
640000,82,3,2,2,Água Rasa
320000,52,2,1,1,Água Rasa
660000,87,3,1,1,Água Rasa
648000,75,3,2,2,Água Rasa
550000,98,3,2,2,Água Rasa
820000,97,3,2,2,Água Rasa
330000,54,2,1,1,Água Rasa
299000,47,2,1,1,Água Rasa
490000,73,2,1,3,Água Rasa
530000,88,3,2,2,Água Rasa
990000,121,3,2,3,Água Rasa
410000,51,2,2,1,Água Rasa
820000,109,3,2,2,Água Rasa
830000,113,3,2,2,Água Rasa
250000,50,2,1,1,Aricanduva
230000,45,2,1,1,Aricanduva
245000,47,2,1,1,Aricanduva
235000,49,2,1,1,Aricanduva
217300,48,2,1,1,Aricanduva
199000,48,2,1,1,Aricanduva
195000,48,2,1,1,Aricanduva
220000,50,1,1,1,Aricanduva
229990,50,2,1,1,Aricanduva
200500,45,2,1,1,Aricanduva
200000,45,2,1,1,Aricanduva
240000,36,2,1,1,Aricanduva
230000,45,2,1,1,Aricanduva
228000,45,2,1,1,Aricanduva
225000,48,2,1,1,Aricanduva
239900,56,3,1,1,Aricanduva
249900,56,3,1,1,Aricanduva
199000,45,2,1,1,Aricanduva
250000,50,2,1,1,Aricanduva
202000,50,2,1,1,Aricanduva
199000,47,2,1,1,Aricanduva
400000,90,2,2,1,Aricanduva
249900,56,3,1,1,Aricanduva
310000,55,3,1,1,Aricanduva
238000,58,3,2,1,Aricanduva
179900,44,2,1,1,Aricanduva
250000,50,2,1,1,Aricanduva
220000,48,2,1,1,Aricanduva
215000,50,2,1,1,Aricanduva
160000,45,2,1,1,Aricanduva
210000,48,2,1,1,Aricanduva
195000,50,2,1,1,Aricanduva
215000,54,2,1,1,Aricanduva
239000,60,3,2,1,Aricanduva
190000,45,2,1,0,Aricanduva
219900,54,2,1,1,Aricanduva
240000,54,2,1,1,Aricanduva
185000,48,2,1,1,Aricanduva
260000,58,3,2,1,Aricanduva
175000,48,2,1,1,Artur Alvim
180000,48,2,1,1,Artur Alvim
180000,48,2,1,1,Artur Alvim
208000,48,2,1,1,Artur Alvim
215000,56,2,1,1,Artur Alvim
170000,48,2,1,0,Artur Alvim
175000,49,2,1,1,Artur Alvim
190000,56,2,1,1,Artur Alvim
212000,56,2,1,1,Artur Alvim
190000,56,2,1,1,Artur Alvim
160000,35,1,1,0,Artur Alvim
190000,56,2,1,1,Artur Alvim
170000,48,2,1,1,Artur Alvim
240000,56,2,1,1,Artur Alvim
180000,40,2,1,0,Artur Alvim
178999,37,2,1,0,Artur Alvim
210000,56,2,1,1,Artur Alvim
195000,56,2,1,1,Artur Alvim
212000,56,3,1,1,Artur Alvim
180000,48,2,1,1,Artur Alvim
240000,56,2,1,1,Artur Alvim
229000,57,2,1,1,Artur Alvim
150000,48,2,1,1,Artur Alvim
180000,48,2,1,1,Artur Alvim
189000,45,2,1,0,Artur Alvim
172000,45,2,1,1,Artur Alvim
220000,56,2,1,1,Artur Alvim
200000,57,2,1,1,Artur Alvim
180000,49,2,1,1,Artur Alvim
156600,42,2,1,1,Artur Alvim
165000,48,2,1,1,Artur Alvim
169900,32,1,1,0,Artur Alvim
175000,48,2,1,1,Artur Alvim
186000,52,2,1,1,Artur Alvim
205000,56,2,1,1,Artur Alvim
243999,57,2,2,1,Artur Alvim
180000,43,2,1,1,Artur Alvim
170000,48,2,1,1,Artur Alvim
220000,56,2,1,1,Artur Alvim
265000,48,2,1,1,Artur Alvim
190000,48,2,1,1,Artur Alvim
215000,48,2,1,1,Artur Alvim
180000,33,1,1,0,Artur Alvim
185000,48,2,1,1,Artur Alvim
130000,56,2,1,1,Artur Alvim
1900000,180,3,4,3,Belém
375000,54,1,1,1,Belém
322000,55,2,2,1,Belém
379000,65,3,2,1,Belém
480000,170,3,2,1,Belém
1070000,96,3,2,2,Belém
1250000,155,3,4,3,Belém
1120000,150,3,2,1,Belém
480000,68,2,2,1,Belém
470000,78,3,1,1,Belém
780000,95,3,3,2,Belém
474000,65,2,2,1,Belém
379000,65,3,2,1,Belém
310000,55,2,1,1,Belém
322000,55,2,2,1,Belém
319900,56,2,2,1,Belém
235000,38,1,1,1,Belém
319000,56,2,2,1,Belém
795000,118,3,2,2,Belém
290000,50,2,1,1,Belém
680000,87,3,2,2,Belém
1490000,179,4,3,3,Belém
235000,38,1,2,1,Belém
345000,52,2,1,1,Belém
446000,59,3,2,1,Belém
1250000,126,3,2,2,Belém
661000,95,3,2,2,Belém
440000,71,2,1,1,Belém
730000,107,3,2,2,Belém
330000,49,2,1,1,Belém
415000,59,2,2,1,Belém
470000,86,3,1,1,Belém
1250000,134,3,2,2,Belém
1100000,150,3,2,2,Belém
498000,68,2,2,1,Belém
333000,45,2,1,1,Belém
400000,63,2,1,1,Belém
560000,71,3,2,1,Belém
360000,59,3,2,1,Belém
385000,65,3,2,1,Belém
260000,50,2,1,1,Cangaíba
271900,54,2,2,1,Cangaíba
295000,51,2,2,1,Cangaíba
240000,56,2,1,1,Cangaíba
280000,52,2,1,1,Cangaíba
270000,100,3,2,1,Cangaíba
199900,46,2,1,1,Cangaíba
215000,40,1,1,1,Cangaíba
290000,52,2,1,1,Cangaíba
195000,43,2,1,1,Cangaíba
240000,54,2,1,1,Cangaíba
310000,55,2,1,1,Cangaíba
350000,49,2,1,1,Cangaíba
159900,30,1,1,0,Cangaíba
525000,125,3,3,2,Cangaíba
370000,90,3,1,1,Cangaíba
240000,55,2,1,2,Cangaíba
300000,59,2,1,1,Cangaíba
190000,50,2,1,1,Cangaíba
270000,49,2,1,1,Cangaíba
240000,57,2,1,1,Cangaíba
270000,54,2,1,1,Cangaíba
215000,50,2,1,0,Cangaíba
590000,125,3,2,2,Cangaíba
330000,62,3,2,1,Cangaíba
295000,68,2,1,1,Cangaíba
300000,49,2,1,1,Cangaíba
295000,52,2,1,1,Cangaíba
240000,50,2,1,1,Cangaíba
245000,57,2,1,1,Cangaíba
200000,38,1,1,1,Cangaíba
149000,30,1,1,0,Cangaíba
229000,45,2,1,1,Carrão
229900,46,2,1,1,Carrão
664000,103,4,2,2,Carrão
220000,50,2,1,1,Carrão
290000,60,3,1,1,Carrão
890000,125,2,3,2,Carrão
310000,48,2,1,1,Carrão
320000,60,3,1,1,Carrão
285000,49,2,1,1,Carrão
390000,70,3,2,2,Carrão
275000,48,2,1,1,Carrão
330000,54,2,1,1,Carrão
600000,76,3,1,2,Carrão
340000,52,2,1,1,Carrão
702052,103,3,2,2,Carrão
1100000,160,4,5,3,Carrão
530000,86,3,2,1,Carrão
410000,61,2,2,1,Carrão
380000,67,3,2,1,Carrão
430000,68,3,1,1,Carrão
450000,72,2,2,1,Carrão
470000,72,3,2,1,Carrão
640000,69,2,2,1,Carrão
395000,64,2,2,1,Carrão
275000,70,2,1,0,Carrão
320000,47,2,1,1,Carrão
700000,102,2,2,3,Carrão
740000,90,3,2,2,Carrão
270000,54,2,1,1,Carrão
490000,61,2,2,1,Carrão
289000,48,2,1,1,Carrão
380000,61,2,1,1,Carrão
1150000,125,3,4,2,Carrão
395000,58,2,1,1,Carrão
900000,125,3,2,2,Carrão
150000,47,2,1,1,Cidade Líder
195000,50,2,1,1,Cidade Líder
200000,48,2,1,1,Cidade Líder
237000,55,2,2,1,Cidade Líder
224000,50,2,1,1,Cidade Líder
244900,50,2,1,1,Cidade Líder
230000,55,3,1,1,Cidade Líder
230000,48,2,1,1,Cidade Líder
260000,47,2,1,1,Cidade Líder
179000,49,2,1,1,Cidade Líder
111181,39,2,1,0,Cidade Líder
200000,52,2,1,1,Cidade Líder
202000,47,2,1,1,Cidade Líder
200000,48,2,1,1,Cidade Líder
320000,62,3,1,1,Cidade Líder
249000,49,2,1,1,Cidade Líder
295000,96,3,1,1,Cidade Líder
191000,54,3,1,1,Cidade Líder
159000,35,2,1,0,Cidade Líder
240000,52,2,1,1,Cidade Líder
270000,76,2,1,1,Cidade Líder
200000,50,2,1,1,Cidade Líder
240000,48,2,1,1,Cidade Líder
230000,50,2,1,1,Cidade Líder
190000,53,2,1,1,Cidade Líder
230000,48,2,1,1,Cidade Líder
275000,56,2,1,1,Cidade Líder
250000,50,2,1,1,Cidade Líder
140000,45,2,1,1,Cidade Líder
222000,50,2,1,1,Cidade Líder
212000,60,2,1,1,Cidade Líder
300000,65,3,1,1,Cidade Líder
228000,53,2,2,1,Cidade Líder
280000,54,2,1,1,Cidade Líder
290000,62,3,1,1,Cidade Líder
160000,55,3,1,1,Cidade Líder
300000,98,2,1,1,Cidade Líder
225000,49,2,2,1,Cidade Líder
330000,70,3,1,1,Cidade Líder
125000,46,2,1,1,Cidade Tiradentes
139900,35,2,1,0,Cidade Tiradentes
150000,51,2,1,1,Cidade Tiradentes
110000,42,1,1,1,Cidade Tiradentes
122000,56,2,1,1,Cidade Tiradentes
47481,47,2,1,0,Cidade Tiradentes
135000,45,2,1,1,Cidade Tiradentes
140000,45,2,1,1,Cidade Tiradentes
128000,52,2,1,1,Cidade Tiradentes
74481,44,2,1,0,Cidade Tiradentes
108847,41,2,1,1,Cidade Tiradentes
139900,35,2,1,1,Cidade Tiradentes
125000,46,2,1,1,Cidade Tiradentes
85000,39,1,1,1,Cidade Tiradentes
110000,52,2,1,0,Cidade Tiradentes
110000,42,2,1,1,Cidade Tiradentes
164900,36,2,1,1,Cidade Tiradentes
125000,50,2,1,1,Cidade Tiradentes
91945,42,2,1,0,Cidade Tiradentes
138000,47,2,1,2,Cidade Tiradentes
170000,54,2,1,1,Cidade Tiradentes
100000,48,2,1,0,Cidade Tiradentes
84000,49,2,1,1,Cidade Tiradentes
120000,51,2,1,1,Cidade Tiradentes
250000,48,2,1,1,Ermelino Matarazzo
229000,60,2,1,0,Ermelino Matarazzo
234000,60,2,1,1,Ermelino Matarazzo
261500,60,2,1,1,Ermelino Matarazzo
230000,55,2,1,1,Ermelino Matarazzo
255000,50,2,1,1,Ermelino Matarazzo
229000,63,2,1,1,Ermelino Matarazzo
230000,54,2,1,1,Ermelino Matarazzo
371000,67,2,1,1,Ermelino Matarazzo
300000,65,2,1,1,Ermelino Matarazzo
150000,54,2,1,1,Ermelino Matarazzo
295000,64,3,1,1,Ermelino Matarazzo
260000,48,2,1,1,Ermelino Matarazzo
275600,60,2,1,1,Ermelino Matarazzo
239000,45,2,1,0,Ermelino Matarazzo
295000,62,3,2,1,Ermelino Matarazzo
270000,50,2,1,1,Ermelino Matarazzo
250000,56,2,1,1,Ermelino Matarazzo
275000,48,2,1,1,Ermelino Matarazzo
215000,60,2,1,1,Ermelino Matarazzo
240000,50,2,1,1,Ermelino Matarazzo
245000,56,2,1,1,Ermelino Matarazzo
350000,66,2,1,1,Ermelino Matarazzo
224000,56,2,1,1,Ermelino Matarazzo
85000,40,2,1,1,Ermelino Matarazzo
240000,47,1,1,1,Ermelino Matarazzo
360000,63,2,1,1,Ermelino Matarazzo
250000,48,2,1,1,Ermelino Matarazzo
260000,50,2,1,1,Ermelino Matarazzo
180000,50,2,1,1,Ermelino Matarazzo
290000,62,3,2,1,Ermelino Matarazzo
180000,44,2,1,1,Ermelino Matarazzo
260000,44,2,1,1,Ermelino Matarazzo
318000,67,2,1,1,Ermelino Matarazzo
280000,64,2,1,1,Ermelino Matarazzo
210000,56,2,1,1,Ermelino Matarazzo
169900,41,2,1,0,Ermelino Matarazzo
215000,49,2,1,1,Ermelino Matarazzo
291000,56,2,1,1,Ermelino Matarazzo
220900,42,2,1,1,Ermelino Matarazzo
250000,49,2,1,1,Ermelino Matarazzo
240000,46,2,1,1,Ermelino Matarazzo
229000,43,2,1,1,Ermelino Matarazzo
290000,50,2,1,1,Ermelino Matarazzo
169900,40,2,1,0,Ermelino Matarazzo
140000,53,2,1,1,Guaianazes
170000,44,2,1,1,Guaianazes
200000,47,2,1,1,Guaianazes
138000,47,2,1,1,Guaianazes
210000,47,2,1,1,Guaianazes
146900,44,2,1,1,Guaianazes
152000,44,2,1,1,Guaianazes
130000,46,2,1,1,Guaianazes
190000,46,2,1,1,Guaianazes
168000,52,3,1,1,Guaianazes
159000,45,2,1,1,Guaianazes
215000,48,2,1,1,Guaianazes
197000,42,2,1,1,Guaianazes
155000,50,2,1,1,Guaianazes
187000,38,2,1,1,Guaianazes
129000,48,2,1,1,Guaianazes
139900,45,2,1,1,Guaianazes
155000,46,2,1,1,Guaianazes
205000,44,2,1,1,Guaianazes
200000,57,3,1,1,Guaianazes
165000,48,2,1,1,Guaianazes
170000,45,2,1,1,Guaianazes
170000,39,2,1,1,Guaianazes
148294,54,2,1,1,Guaianazes
150000,45,2,1,1,Guaianazes
136990,33,1,1,0,Guaianazes
180000,67,2,1,1,Guaianazes
145000,53,2,1,1,Guaianazes
160000,44,2,1,1,Guaianazes
193000,49,2,1,1,Guaianazes
220000,50,2,1,1,Guaianazes
189000,55,3,1,1,Guaianazes
165000,46,2,1,1,Guaianazes
180000,50,3,1,1,Guaianazes
155000,54,2,1,1,Guaianazes
165000,43,2,1,1,Guaianazes
170000,48,2,1,1,Guaianazes
190000,50,2,1,1,Guaianazes
135000,45,2,1,1,Itaim Paulista
200000,60,2,1,1,Itaim Paulista
225000,50,2,1,1,Itaim Paulista
265000,47,2,1,1,Itaim Paulista
150000,45,2,1,1,Itaim Paulista
335000,63,3,2,1,Itaim Paulista
255000,48,2,1,1,Itaim Paulista
114616,42,2,1,0,Itaim Paulista
150000,48,2,1,1,Itaim Paulista
190936,47,1,1,1,Itaim Paulista
260000,54,2,1,1,Itaim Paulista
800000,90,3,1,1,Itaim Paulista
149900,41,2,1,0,Itaquera
243999,57,2,2,1,Itaquera
200000,53,2,1,1,Itaquera
170000,48,2,1,1,Itaquera
229900,52,2,2,1,Itaquera
160000,48,2,1,1,Itaquera
230000,50,2,1,1,Itaquera
218000,47,2,2,1,Itaquera
200000,47,2,1,1,Itaquera
170000,56,3,1,1,Itaquera
299900,63,3,2,1,Itaquera
180000,57,2,1,1,Itaquera
210000,47,2,1,1,Itaquera
220000,48,2,1,1,Itaquera
274999,65,3,2,1,Itaquera
240000,49,2,1,1,Itaquera
179900,41,2,1,0,Itaquera
178000,44,2,1,1,Itaquera
238000,50,2,1,1,Itaquera
210000,48,2,1,1,Itaquera
204900,41,2,1,1,Itaquera
151900,40,2,1,1,Itaquera
290000,64,3,1,1,Itaquera
349000,57,3,2,1,Itaquera
165900,41,2,1,1,Itaquera
233999,55,2,2,1,Itaquera
180000,56,3,1,1,Itaquera
235000,47,2,1,1,Itaquera
150000,47,2,1,1,Itaquera
234000,50,2,1,1,Itaquera
165000,51,2,1,1,Itaquera
160000,56,2,1,1,Itaquera
178000,42,2,1,1,Itaquera
190000,53,2,1,1,Itaquera
186900,41,2,1,1,Itaquera
226000,50,2,1,1,Itaquera
156800,41,2,1,1,Itaquera
115000,45,2,1,1,Itaquera
165000,48,2,1,1,Itaquera
160000,45,2,1,1,Itaquera
212000,48,2,1,1,Itaquera
148990,36,2,1,1,Itaquera
209000,40,2,1,1,Jardim Helena
210000,40,2,1,1,Jardim Helena
169000,40,2,1,1,Jardim Helena
199000,40,2,1,1,Jardim Helena
135000,35,1,1,1,José Bonifácio
180000,56,2,1,1,José Bonifácio
159900,37,2,1,1,José Bonifácio
160000,57,2,1,1,José Bonifácio
186000,55,3,1,1,José Bonifácio
159000,41,2,1,1,José Bonifácio
150000,48,2,1,1,José Bonifácio
200000,50,2,1,1,Lajeado
200000,45,2,1,1,Lajeado
200000,47,2,1,1,Parque do Carmo
199300,47,2,1,1,Parque do Carmo
215000,49,2,1,1,Parque do Carmo
225000,50,2,2,1,Parque do Carmo
199250,47,2,1,1,Parque do Carmo
199000,47,2,1,1,Parque do Carmo
360000,70,3,1,1,Parque do Carmo
200000,48,2,1,1,Parque do Carmo
249000,63,2,1,1,Parque do Carmo
219900,40,2,1,1,Parque do Carmo
199900,48,2,1,1,Parque do Carmo
147900,41,2,1,0,Parque do Carmo
200000,56,2,1,1,Parque do Carmo
268900,59,3,2,1,Parque do Carmo
199000,45,2,1,1,Parque do Carmo
279000,73,2,1,1,Parque do Carmo
310000,63,3,1,1,Parque do Carmo
235000,52,2,1,1,Parque do Carmo
199000,47,2,1,1,Parque do Carmo
198000,47,2,1,1,Parque do Carmo
170000,49,2,1,1,Parque do Carmo
215000,50,2,1,1,Parque do Carmo
189900,50,2,1,1,Parque do Carmo
215000,48,2,1,1,Parque do Carmo
267900,52,2,2,1,Parque do Carmo
311900,58,3,2,1,Parque do Carmo
249000,73,2,1,1,Parque do Carmo
152900,40,2,1,0,Parque do Carmo
199900,51,2,2,1,Parque do Carmo
239900,58,3,2,1,Parque do Carmo
199876,54,2,1,1,Parque do Carmo
187000,40,2,1,0,Parque do Carmo
236802,47,2,2,1,Parque do Carmo
234900,47,2,2,1,Parque do Carmo
239000,58,3,2,1,Parque do Carmo
230000,49,2,1,1,Parque do Carmo
220000,46,2,1,1,Parque do Carmo
236802,47,2,1,0,Parque do Carmo
212000,52,2,1,1,Parque do Carmo
195999,45,2,1,1,Parque do Carmo
443900,72,3,2,1,Penha
250000,45,2,1,1,Penha
377000,58,2,2,1,Penha
329000,65,3,2,1,Penha
210000,40,2,1,1,Penha
230000,48,2,1,1,Penha
272000,54,2,2,1,Penha
198000,37,1,1,0,Penha
299000,62,3,2,1,Penha
212000,50,2,1,1,Penha
270000,69,2,2,1,Penha
270000,57,2,1,1,Penha
255000,50,2,1,1,Penha
1020000,270,3,4,3,Penha
270000,62,3,2,2,Penha
250000,47,2,1,0,Penha
289000,64,3,2,1,Penha
198000,39,1,1,0,Penha
285000,54,2,2,1,Penha
350000,53,2,2,1,Penha
235000,47,2,1,1,Penha
340000,59,2,1,2,Penha
145000,30,1,1,0,Penha
330000,50,2,1,1,Penha
179900,35,2,1,1,Penha
280000,52,2,1,1,Penha
380000,63,3,2,1,Penha
565000,67,3,2,1,Penha
371000,52,2,1,1,Penha
215000,49,2,1,1,Penha
165000,49,2,1,1,Penha
279500,54,2,2,1,Penha
199000,64,2,1,1,Penha
250000,55,2,1,1,Ponte Rasa
189000,30,2,1,1,Ponte Rasa
300000,47,2,1,1,Ponte Rasa
240000,54,2,1,1,Ponte Rasa
230000,57,2,1,1,Ponte Rasa
220000,46,2,1,1,Ponte Rasa
270000,45,2,1,1,Ponte Rasa
210000,40,2,1,1,Ponte Rasa
270000,63,2,2,1,Ponte Rasa
250000,48,2,1,1,Ponte Rasa
169000,40,2,1,0,Ponte Rasa
160000,39,2,1,1,Ponte Rasa
250000,52,2,1,1,Ponte Rasa
210000,54,2,1,1,Ponte Rasa
210000,50,2,1,1,Ponte Rasa
500000,74,3,2,2,Ponte Rasa
289000,50,2,1,1,Ponte Rasa
266000,65,2,1,1,Ponte Rasa
286000,56,2,2,1,Ponte Rasa
169000,30,2,1,0,Ponte Rasa
420000,146,4,2,1,Sapopemba
380000,65,2,1,1,Sapopemba
290000,56,2,1,1,Sapopemba
350000,63,3,1,1,Sapopemba
530000,94,3,3,1,Sapopemba
320000,67,3,2,1,Sapopemba
470000,58,3,2,2,Sapopemba
262000,58,2,1,1,Sapopemba
392000,68,3,2,1,Sapopemba
249999,50,2,1,1,Sapopemba
335000,60,2,2,1,Sapopemba
550000,120,4,1,1,Sapopemba
220000,50,2,1,1,Sapopemba
180000,48,2,1,1,Sapopemba
190000,50,2,1,1,Sapopemba
450000,146,4,1,1,Sapopemba
170000,42,2,1,1,Sapopemba
310000,56,2,1,1,Sapopemba
310000,56,2,2,1,Sapopemba
335000,56,2,1,1,Sapopemba
335000,56,2,1,1,Sapopemba
375000,56,2,2,1,Sapopemba
295000,56,2,1,1,Sapopemba
355000,56,2,1,1,Sapopemba
335000,56,2,1,1,Sapopemba
360000,56,2,1,1,Sapopemba
280000,52,2,1,1,Sapopemba
285000,65,2,1,1,Sapopemba
202000,52,2,1,1,São Lucas
314000,51,2,1,1,São Lucas
469000,75,3,2,2,São Lucas
325000,65,2,2,2,São Lucas
296500,61,3,2,1,São Lucas
309000,60,3,2,1,São Lucas
296000,61,3,2,1,São Lucas
381000,64,2,2,1,São Lucas
270000,48,2,1,1,São Lucas
290000,64,2,2,1,São Lucas
280000,45,2,1,1,São Lucas
315000,60,3,1,1,São Lucas
329000,61,3,2,1,São Lucas
390000,65,2,2,1,São Lucas
240000,60,2,2,1,São Lucas
436000,76,3,2,2,São Lucas
298000,61,3,2,1,São Lucas
505000,76,3,2,2,São Lucas
299500,61,3,2,1,São Lucas
320000,64,2,2,2,São Lucas
325000,64,2,2,2,São Lucas
330000,64,2,2,1,São Lucas
297000,61,3,2,1,São Lucas
260000,45,2,1,1,São Lucas
480000,76,3,2,2,São Lucas
555000,75,3,2,2,São Lucas
325000,64,2,2,2,São Lucas
239900,58,3,2,1,São Lucas
321600,60,3,2,1,São Lucas
300000,45,2,2,1,São Lucas
298500,61,3,2,1,São Lucas
280000,66,3,1,1,São Lucas
300000,63,2,1,1,São Lucas
280000,51,2,2,1,São Lucas
245000,48,2,1,1,São Lucas
300000,64,3,1,1,São Lucas
275000,58,2,1,1,São Lucas
327000,61,3,2,1,São Lucas
426000,78,3,2,1,São Lucas
270000,59,2,1,1,São Lucas
275000,60,2,2,1,São Lucas
279000,50,2,1,1,São Lucas
330000,65,2,2,1,São Lucas
498000,75,2,2,2,São Lucas
320000,57,3,1,1,São Lucas
297500,61,3,2,1,São Lucas
300000,60,2,1,1,São Lucas
430000,75,3,2,2,São Lucas
385000,64,2,2,2,São Lucas
380000,65,2,2,2,São Lucas
335000,65,2,2,1,São Lucas
480000,75,3,2,2,São Lucas
189000,40,2,1,1,São Mateus
286000,48,2,1,1,São Mateus
189000,40,2,1,1,São Mateus
215000,50,2,1,1,São Mateus
225000,44,2,1,1,São Mateus
240000,44,1,1,1,São Mateus
250000,44,1,1,1,São Mateus
235000,49,2,1,1,São Mateus
398000,98,3,1,1,São Mateus
340000,76,3,1,1,São Mateus
200000,43,2,1,1,São Mateus
190000,37,2,1,1,São Mateus
313967,58,3,2,1,São Mateus
179000,37,1,1,1,São Mateus
230000,47,2,1,1,São Mateus
212000,44,2,1,1,São Mateus
215000,44,1,1,1,São Mateus
300000,48,2,1,1,São Mateus
185000,50,2,1,1,São Mateus
240000,48,2,1,1,São Mateus
215000,57,2,1,1,São Mateus
199000,45,2,1,0,São Mateus
199000,42,2,1,0,São Mateus
179000,40,2,1,0,São Mateus
230000,49,2,1,1,São Mateus
230000,55,2,1,1,São Mateus
230000,48,2,2,1,São Mateus
178000,57,2,1,1,São Mateus
220000,48,2,1,1,São Mateus
225000,53,2,1,1,São Mateus
230000,51,2,1,1,São Mateus
196900,40,2,1,1,São Mateus
200000,47,2,1,1,São Mateus
240000,50,2,1,1,São Mateus
280000,60,3,1,1,São Mateus
197000,49,2,1,1,São Mateus
199000,37,2,1,0,São Mateus
189000,48,2,1,1,São Mateus
245000,50,2,1,1,São Mateus
250000,50,2,1,1,São Mateus
210000,51,2,1,1,São Mateus
180000,56,2,1,1,São Mateus
169000,49,2,1,1,São Mateus
270000,48,2,1,1,São Mateus
240000,47,2,1,1,São Mateus
215000,47,2,1,1,São Mateus
198000,55,2,1,1,São Mateus
240000,58,3,1,1,São Mateus
191000,40,2,1,1,São Mateus
225000,50,2,1,1,São Mateus
236825,47,2,1,1,São Mateus
182000,63,2,1,1,São Rafael
230000,60,2,1,1,São Rafael
2080000,225,3,4,4,Tatuapé
658000,89,3,2,2,Tatuapé
310000,47,2,1,1,Tatuapé
788852,102,3,2,2,Tatuapé
320000,39,1,1,1,Tatuapé
450000,110,3,2,1,Tatuapé
600000,82,3,2,2,Tatuapé
1300000,164,3,4,3,Tatuapé
620000,95,3,2,2,Tatuapé
495000,70,2,2,2,Tatuapé
335000,46,2,1,1,Tatuapé
380000,58,2,1,1,Tatuapé
415000,335,1,2,1,Tatuapé
550000,83,3,2,1,Tatuapé
319000,50,2,1,1,Tatuapé
810000,122,3,4,2,Tatuapé
550000,87,3,2,2,Tatuapé
1200000,122,4,3,2,Tatuapé
470000,55,2,2,2,Tatuapé
228100,38,2,1,0,Tatuapé
228200,38,2,1,0,Tatuapé
228150,38,2,1,0,Tatuapé
228300,38,2,1,0,Tatuapé
550000,84,3,2,1,Tatuapé
510000,50,1,1,1,Tatuapé
552001,63,2,2,1,Tatuapé
3700000,300,4,5,6,Tatuapé
395000,38,1,2,1,Tatuapé
640000,80,3,3,2,Tatuapé
795000,92,3,2,2,Tatuapé
1250000,228,4,3,3,Tatuapé
650000,72,3,2,1,Tatuapé
570000,68,3,2,2,Tatuapé
340000,62,3,2,1,Tatuapé
202000,51,2,1,1,Vila Curuçá
210000,45,2,1,1,Vila Curuçá
297000,57,2,1,1,Vila Curuçá
210000,44,2,1,1,Vila Curuçá
230000,45,2,1,1,Vila Curuçá
199500,51,2,1,1,Vila Curuçá
207700,51,2,1,1,Vila Curuçá
201000,51,2,1,1,Vila Curuçá
235000,47,2,1,1,Vila Curuçá
350000,77,3,2,1,Vila Curuçá
209700,51,2,1,1,Vila Curuçá
206500,51,2,1,1,Vila Curuçá
200000,51,2,1,1,Vila Curuçá
201700,51,2,1,1,Vila Curuçá
230000,44,2,1,1,Vila Curuçá
200500,51,2,1,1,Vila Curuçá
240000,41,2,1,1,Vila Curuçá
203700,51,2,1,1,Vila Curuçá
215000,52,3,1,1,Vila Curuçá
240000,46,2,1,0,Vila Curuçá
180000,43,2,1,1,Vila Curuçá
200000,51,2,1,1,Vila Curuçá
240000,51,2,1,1,Vila Curuçá
202500,51,2,1,1,Vila Curuçá
219900,51,2,2,1,Vila Curuçá
214500,51,2,1,1,Vila Curuçá
239900,57,2,1,1,Vila Curuçá
204000,51,2,1,1,Vila Curuçá
204500,51,2,1,1,Vila Curuçá
225000,51,2,1,1,Vila Curuçá
250000,54,2,1,1,Vila Curuçá
225000,52,2,1,1,Vila Curuçá
260000,47,2,1,1,Vila Curuçá
320000,78,3,2,1,Vila Curuçá
220000,40,2,1,1,Vila Curuçá
225000,45,2,1,1,Vila Curuçá
294000,57,2,1,1,Vila Curuçá
215000,44,2,1,1,Vila Curuçá
205700,51,2,1,1,Vila Curuçá
208500,51,2,1,1,Vila Curuçá
217000,51,2,2,1,Vila Curuçá
195000,50,2,1,1,Vila Curuçá
330000,62,3,2,1,Vila Curuçá
190000,40,2,1,1,Vila Curuçá
267000,88,2,2,1,Vila Curuçá
360000,58,2,2,1,Vila Formosa
640000,85,2,2,1,Vila Formosa
250000,57,2,1,1,Vila Formosa
365000,59,2,2,1,Vila Formosa
373000,107,3,2,1,Vila Formosa
955000,124,3,2,2,Vila Formosa
530000,81,3,2,2,Vila Formosa
370000,55,2,1,1,Vila Formosa
348000,63,3,2,1,Vila Formosa
532000,76,2,2,1,Vila Formosa
400000,62,2,1,1,Vila Formosa
330000,55,2,1,1,Vila Formosa
655000,81,3,2,2,Vila Formosa
680000,88,3,2,2,Vila Formosa
325000,55,2,1,1,Vila Formosa
400000,58,2,2,1,Vila Formosa
750000,83,3,2,2,Vila Formosa
896000,130,3,2,4,Vila Formosa
750000,187,4,4,3,Vila Formosa
472000,56,2,1,1,Vila Formosa
315000,56,2,1,1,Vila Formosa
447000,56,2,1,1,Vila Formosa
585000,85,3,2,1,Vila Formosa
328000,65,3,1,1,Vila Formosa
1400000,117,3,2,3,Vila Formosa
1490000,155,3,4,1,Vila Formosa
900000,130,4,1,4,Vila Formosa
273000,80,3,1,1,Vila Formosa
795000,105,3,4,2,Vila Formosa
335000,77,3,2,2,Vila Formosa
364000,59,2,2,1,Vila Formosa
590000,76,3,2,1,Vila Formosa
349800,63,3,1,1,Vila Formosa
320000,62,3,2,1,Vila Formosa
250000,50,2,1,1,Vila Formosa
510000,64,2,2,1,Vila Formosa
830000,105,3,3,2,Vila Formosa
525000,78,3,2,2,Vila Formosa
437000,70,3,2,2,Vila Formosa
1150000,170,4,3,4,Vila Formosa
480545,72,3,2,1,Vila Formosa
320000,75,2,1,1,Vila Formosa
565000,117,3,3,2,Vila Formosa
1300000,196,3,4,3,Vila Formosa
450000,73,3,2,2,Vila Formosa
399000,74,2,2,1,Vila Formosa
295000,69,2,2,0,Vila Formosa
280000,46,2,1,1,Vila Formosa
270000,54,2,1,1,Vila Formosa
1200000,117,3,2,3,Vila Formosa
319000,64,3,2,1,Vila Formosa
136600,98,2,1,1,Vila Jacuí
226100,47,2,2,1,Vila Jacuí
217600,47,2,1,1,Vila Jacuí
221000,47,2,1,1,Vila Jacuí
235450,48,2,2,1,Vila Jacuí
223550,47,2,1,1,Vila Jacuí
190000,50,2,1,1,Vila Jacuí
215050,48,2,1,1,Vila Jacuí
241400,47,2,1,1,Vila Jacuí
241400,48,2,1,1,Vila Jacuí
233750,47,2,2,1,Vila Jacuí
238000,48,2,1,1,Vila Jacuí
238000,47,2,1,1,Vila Jacuí
221000,48,2,1,1,Vila Jacuí
238000,47,2,2,1,Vila Jacuí
750000,152,3,2,2,Vila Jacuí
350000,67,2,1,1,Vila Matilde
530000,115,3,2,2,Vila Matilde
720000,145,3,2,2,Vila Matilde
298000,51,2,1,1,Vila Matilde
300000,58,2,1,1,Vila Matilde
420000,54,2,1,1,Vila Matilde
290000,42,2,1,1,Vila Matilde
425000,73,3,2,1,Vila Matilde
450000,74,2,1,0,Vila Matilde
256000,45,2,1,1,Vila Matilde
290000,52,2,1,1,Vila Matilde
170000,38,1,1,0,Vila Matilde
799000,115,3,2,3,Vila Matilde
350000,57,2,1,1,Vila Matilde
240000,50,2,1,1,Vila Matilde
529000,96,3,3,1,Vila Matilde
249000,40,1,1,1,Vila Matilde
250000,41,2,1,1,Vila Matilde
310000,65,3,2,1,Vila Prudente
305000,53,2,2,1,Vila Prudente
249000,53,2,1,1,Vila Prudente
303000,53,3,2,1,Vila Prudente
199000,40,2,1,1,Vila Prudente
510000,77,3,2,1,Vila Prudente
341000,44,2,1,1,Vila Prudente
340000,65,3,2,1,Vila Prudente
350000,52,2,1,1,Vila Prudente
550000,88,3,2,2,Vila Prudente
233000,35,1,1,1,Vila Prudente
1100000,135,3,2,2,Vila Prudente
300000,58,3,1,1,Vila Prudente
450000,64,3,2,1,Vila Prudente
698000,91,3,3,2,Vila Prudente
370000,75,3,1,1,Vila Prudente
400000,69,2,2,1,Vila Prudente
365000,62,2,2,0,Vila Prudente
209000,40,2,1,1,Vila Prudente
269900,47,2,1,1,Vila Prudente
213900,41,2,1,1,Vila Prudente
255000,49,2,2,1,Vila Prudente
300000,52,2,1,1,Vila Prudente
275000,53,2,1,1,Vila Prudente
325000,63,3,1,1,Vila Prudente
330000,54,2,1,1,Vila Prudente
215000,35,1,1,1,Vila Prudente
453000,72,3,2,1,Vila Prudente
264000,45,2,1,1,Vila Prudente
320000,50,2,1,1,Vila Prudente
298000,60,2,1,1,Vila Prudente
720000,96,3,2,2,Vila Prudente
440000,60,2,2,1,Vila Prudente
1070000,185,3,4,3,Vila Prudente
410000,55,3,2,1,Vila Prudente
735000,91,3,2,2,Vila Prudente
470000,69,3,2,1,Vila Prudente
260000,48,2,1,1,Vila Prudente
600000,59,2,2,2,Vila Prudente
385000,61,2,2,1,Vila Prudente
645000,74,3,3,2,Vila Prudente
280000,52,2,1,1,Vila Prudente
340000,83,2,1,1,Vila Prudente
280000,35,1,1,1,Vila Prudente
315000,45,2,1,1,Vila Prudente
310000,58,2,1,1,Vila Prudente
303000,53,2,2,1,Vila Prudente
285000,30,1,1,1,Vila Prudente
420000,55,2,2,1,Vila Prudente
565000,69,3,2,1,Vila Prudente
200000,40,2,1,0,Vila Prudente
400000,60,2,2,1,Vila Prudente
550000,72,2,2,1,Vila Prudente
320000,48,2,1,1,Vila Prudente
179000,40,2,1,0,Vila Prudente
193000,41,2,1,0,Cambuci
280000,50,2,2,1,Cambuci
280000,50,2,2,1,Cambuci
232000,38,2,2,1,Cambuci
375000,51,2,1,1,Cambuci
350000,58,2,1,1,Cambuci
249500,48,1,2,1,Cambuci
460000,57,2,1,1,Cambuci
419000,63,3,2,1,Cambuci
435000,63,3,2,2,Cambuci
215000,40,1,2,1,Cambuci
280000,48,2,1,1,Cambuci
186900,41,2,1,0,Cambuci
1349900,133,3,4,2,Cambuci
420000,120,3,3,1,Cambuci
380657,59,2,2,1,Cambuci
480800,72,3,2,1,Cambuci
379999,60,2,1,1,Cambuci
385000,55,2,1,1,Cambuci
370000,51,1,1,1,Cambuci
290309,61,2,2,2,Cambuci
1380000,147,4,3,2,Campo Belo
3100000,233,4,5,4,Campo Belo
1200000,85,2,2,2,Campo Belo
1800000,154,4,4,3,Campo Belo
450000,33,1,2,1,Campo Belo
3600000,274,4,5,4,Campo Belo
1250000,165,4,4,3,Campo Belo
550000,49,1,2,1,Campo Belo
1870000,193,2,4,4,Campo Belo
2250000,185,3,4,3,Campo Belo
470000,64,2,2,1,Campo Belo
790000,94,3,2,2,Campo Belo
1100000,128,3,2,1,Campo Belo
2980000,230,2,3,4,Campo Belo
590000,51,1,1,1,Campo Belo
1850000,205,3,4,3,Campo Belo
365000,35,1,2,1,Campo Belo
540000,60,2,2,1,Campo Belo
470000,86,3,2,1,Campo Belo
852000,100,3,3,2,Campo Belo
579000,80,2,3,1,Campo Grande
1400000,181,3,4,3,Campo Grande
362000,70,3,2,2,Campo Grande
290000,47,2,1,1,Campo Grande
450000,72,3,2,1,Campo Grande
700000,70,3,2,2,Campo Grande
395000,61,2,1,1,Campo Grande
477000,92,3,2,2,Campo Grande
850000,107,2,3,2,Campo Grande
380000,68,3,2,2,Campo Grande
280000,53,2,1,1,Campo Grande
1650000,274,3,5,3,Campo Grande
495000,64,3,2,2,Campo Grande
259000,49,2,1,1,Campo Grande
490000,76,2,2,1,Campo Grande
400000,78,2,1,1,Campo Grande
320000,64,3,2,1,Campo Grande
509299,81,3,2,1,Campo Grande
395000,62,3,1,1,Campo Grande
549000,78,3,2,2,Campo Grande
1200000,130,4,4,2,Campo Grande
665000,82,3,2,2,Campo Grande
290000,47,2,1,1,Campo Grande
425000,75,3,2,1,Campo Grande
345000,74,2,1,2,Campo Grande
1120000,133,3,2,2,Campo Grande
1300000,163,3,4,3,Campo Grande
450000,62,2,2,1,Campo Grande
350000,62,2,1,1,Campo Grande
700000,96,3,2,2,Campo Grande
639000,81,3,2,2,Campo Grande
148290,34,2,1,0,Campo Limpo
150000,35,2,1,0,Campo Limpo
260000,52,2,1,1,Campo Limpo
155000,40,2,1,0,Campo Limpo
227000,54,2,1,1,Campo Limpo
250000,51,2,1,1,Campo Limpo
270000,63,2,1,1,Campo Limpo
229900,47,2,1,1,Campo Limpo
210000,46,2,1,1,Campo Limpo
139900,41,2,1,0,Campo Limpo
1200000,122,4,2,2,Campo Limpo
244800,48,2,1,1,Campo Limpo
169900,41,2,1,0,Campo Limpo
265000,51,2,1,1,Campo Limpo
240000,70,3,1,1,Campo Limpo
180000,56,2,1,1,Campo Limpo
215000,50,2,1,1,Campo Limpo
190000,45,2,1,1,Campo Limpo
197000,40,2,1,1,Campo Limpo
318000,56,3,2,1,Campo Limpo
520000,76,3,2,2,Campo Limpo
152900,41,2,1,0,Campo Limpo
200000,42,2,1,1,Campo Limpo
295000,66,3,2,1,Campo Limpo
205000,55,2,1,1,Campo Limpo
195000,41,2,1,0,Campo Limpo
205000,46,2,1,1,Campo Limpo
230000,63,3,1,1,Campo Limpo
460000,82,3,2,1,Campo Limpo
235000,48,2,1,0,Campo Limpo
149900,41,2,1,0,Campo Limpo
180000,56,2,1,1,Campo Limpo
210000,43,2,1,1,Campo Limpo
245000,44,2,1,1,Campo Limpo
244000,50,2,1,1,Campo Limpo
345000,68,3,2,1,Capão Redondo
190000,48,2,1,1,Capão Redondo
189000,50,2,1,1,Capão Redondo
235000,57,2,1,1,Capão Redondo
245000,47,2,1,1,Capão Redondo
285000,50,2,1,1,Capão Redondo
225000,52,2,1,1,Capão Redondo
129658,39,2,1,0,Capão Redondo
240000,47,2,1,1,Capão Redondo
215000,52,2,1,1,Capão Redondo
240000,58,2,1,1,Capão Redondo
1250000,99,2,3,2,Cidade Ademar
365000,64,2,1,1,Cidade Ademar
250000,45,2,1,1,Cidade Ademar
296000,70,3,1,1,Cidade Ademar
450000,62,2,1,2,Cidade Ademar
310000,60,2,1,1,Cidade Ademar
660000,107,3,2,2,Cidade Ademar
690000,106,3,2,2,Cidade Ademar
249000,50,2,1,1,Cidade Ademar
292000,49,2,1,1,Cidade Ademar
440000,70,3,2,2,Cidade Ademar
329000,64,2,1,1,Cidade Ademar
395000,64,2,2,1,Cidade Ademar
350000,75,2,2,2,Cidade Ademar
235000,45,2,1,1,Cidade Ademar
274000,60,2,1,1,Cidade Ademar
321000,60,2,1,1,Cidade Ademar
305000,63,3,1,1,Cidade Ademar
240000,64,2,1,1,Cidade Ademar
380000,62,3,2,1,Cidade Ademar
300000,59,2,1,1,Cidade Ademar
330000,58,2,1,1,Cidade Ademar
690000,107,3,2,2,Cidade Ademar
328000,65,3,1,1,Cidade Ademar
680000,74,2,2,1,Cidade Ademar
360000,74,3,1,1,Cidade Ademar
685000,107,3,2,2,Cidade Ademar
370000,81,2,3,2,Cidade Ademar
230000,47,2,1,1,Cidade Ademar
660000,101,3,2,2,Cidade Ademar
395000,64,2,1,1,Cidade Ademar
420000,80,3,3,1,Cidade Ademar
309000,70,3,1,1,Cidade Ademar
224000,47,2,1,1,Cidade Ademar
275000,44,2,1,1,Cidade Ademar
249000,54,2,1,1,Cidade Ademar
280000,59,2,1,1,Cidade Ademar
155000,50,2,1,1,Cidade Ademar
187330,31,1,1,0,Cidade Ademar
280000,47,2,1,1,Cidade Ademar
798000,82,2,2,2,Cidade Ademar
290000,58,2,1,1,Cidade Ademar
169900,31,1,2,1,Cidade Ademar
360000,75,3,1,2,Cidade Ademar
250000,49,2,1,1,Cidade Ademar
735000,104,3,2,3,Cidade Ademar
275000,60,2,1,1,Cidade Ademar
260000,49,2,1,1,Cidade Dutra
840000,181,3,4,2,Cidade Dutra
880000,96,3,2,2,Cidade Dutra
275000,63,2,1,1,Cidade Dutra
260000,56,3,1,1,Cidade Dutra
260000,64,3,1,1,Cidade Dutra
296800,62,3,1,1,Cidade Dutra
930000,117,3,2,2,Cidade Dutra
275000,55,2,1,1,Cidade Dutra
270000,58,3,1,1,Cidade Dutra
925000,95,3,2,2,Cidade Dutra
265000,62,3,1,1,Cidade Dutra
780000,181,4,4,2,Cidade Dutra
270000,65,3,1,1,Cidade Dutra
1000000,95,3,3,2,Cidade Dutra
860000,180,3,4,2,Cidade Dutra
280000,62,2,1,1,Cidade Dutra
276000,63,3,1,1,Cidade Dutra
255000,49,2,1,1,Cidade Dutra
260000,58,2,1,1,Cidade Dutra
750000,181,3,4,2,Cidade Dutra
850000,182,3,4,2,Cidade Dutra
180000,42,2,1,1,Cursino
1800000,360,3,2,3,Cursino
440000,68,2,2,1,Cursino
640000,76,3,2,2,Cursino
340000,59,2,1,1,Cursino
315000,63,3,2,1,Cursino
350000,50,2,2,1,Cursino
425000,62,3,2,1,Cursino
239000,51,2,1,1,Cursino
390000,64,3,1,1,Cursino
517000,58,3,2,1,Cursino
375000,60,2,1,1,Cursino
340000,62,3,2,1,Cursino
380000,62,2,2,1,Cursino
290000,45,2,1,1,Cursino
314999,63,3,2,1,Cursino
430000,55,2,1,2,Cursino
400000,60,2,1,1,Cursino
335000,62,2,1,1,Cursino
1370000,136,3,4,2,Cursino
219000,49,2,1,1,Cursino
200000,54,2,1,1,Cursino
330000,49,2,1,1,Cursino
309990,60,3,1,1,Cursino
320000,51,2,2,1,Cursino
212000,52,2,1,1,Cursino
995000,103,3,2,2,Cursino
245000,52,2,1,0,Grajaú
250000,50,2,1,1,Grajaú
260000,55,3,1,0,Grajaú
190000,60,2,1,0,Grajaú
1499999,147,3,4,3,Ipiranga
890000,115,3,2,2,Ipiranga
1170000,133,3,5,2,Ipiranga
909717,85,3,2,2,Ipiranga
376000,54,1,2,1,Ipiranga
750000,118,3,2,2,Ipiranga
650000,118,3,2,2,Ipiranga
680000,78,3,2,1,Ipiranga
750000,70,3,2,2,Ipiranga
350000,34,1,1,1,Ipiranga
657200,70,2,2,2,Ipiranga
365000,48,2,1,1,Ipiranga
499900,63,2,2,1,Ipiranga
440000,72,2,1,1,Ipiranga
390000,42,1,2,1,Ipiranga
542000,69,2,2,1,Ipiranga
1200000,145,4,3,3,Ipiranga
5000000,292,4,1,5,Itaim Bibi
1300000,130,3,2,2,Itaim Bibi
500000,46,1,2,1,Itaim Bibi
1050000,100,3,2,2,Itaim Bibi
1350000,101,2,3,1,Itaim Bibi
2600000,200,3,2,2,Itaim Bibi
2800000,180,3,3,3,Itaim Bibi
585000,70,1,2,1,Itaim Bibi
550000,63,2,1,1,Itaim Bibi
1200000,100,2,1,1,Itaim Bibi
640000,49,1,1,1,Itaim Bibi
1640000,170,3,2,2,Itaim Bibi
1455000,100,2,3,1,Itaim Bibi
1012000,85,2,2,1,Itaim Bibi
559000,90,3,2,2,Jabaquara
360000,54,2,1,1,Jabaquara
540000,89,3,2,2,Jabaquara
350000,67,2,1,1,Jabaquara
272000,55,2,1,1,Jabaquara
250000,78,3,1,1,Jabaquara
340000,49,2,1,1,Jabaquara
299000,51,1,1,1,Jabaquara
590000,75,3,2,2,Jabaquara
500000,67,3,2,1,Jabaquara
350000,62,3,2,1,Jabaquara
330000,49,2,1,1,Jabaquara
725000,86,3,2,3,Jabaquara
340000,64,2,1,1,Jabaquara
370000,55,2,1,1,Jabaquara
455000,70,2,1,1,Jabaquara
425000,64,3,1,1,Jabaquara
360000,63,2,1,1,Jabaquara
630000,91,3,2,2,Jabaquara
290000,40,1,1,1,Jabaquara
230000,52,2,1,0,Jabaquara
490000,63,2,2,2,Jabaquara
280000,52,2,1,1,Jabaquara
595000,114,3,2,2,Jabaquara
530000,73,3,2,2,Jabaquara
299000,53,2,1,1,Jabaquara
995000,102,3,2,2,Jabaquara
280000,55,2,1,1,Jabaquara
350000,68,2,1,1,Jabaquara
800000,86,3,2,2,Jabaquara
300000,47,2,1,1,Jabaquara
456000,85,3,1,1,Jabaquara
265000,51,2,1,1,Jabaquara
545000,74,3,2,2,Jabaquara
515000,114,3,3,1,Jabaquara
345000,39,1,2,1,Jabaquara
161987,44,2,1,1,Jardim Ângela
